"group_key","brand","model","product_count","sample_product_name","sample_sku","product_ids","search_query","google_images_url","bing_images_url","duckduckgo_images_url","approved_image_url","status","notes"
"bridgestone-a-t-693","Bridgestone","A/T 693","1","CUB. 255/70R17 A/T 693 112T BRIDGESTONE","BR18812001","e0f5519d-cc42-4886-8d92-b00c7082d14f","Bridgestone A/T 693 tire product photo","https://www.google.com/search?tbm=isch&q=Bridgestone%20A%2FT%20693%20tire%20product%20photo","https://www.bing.com/images/search?q=Bridgestone%20A%2FT%20693%20tire%20product%20photo","https://duckduckgo.com/?iax=images&ia=images&q=Bridgestone%20A%2FT%20693%20tire%20product%20photo","","",""
"bridgestone-alenza-001","Bridgestone","ALENZA 001","1","CUB. 225/50R18 ALENZA 001 95V BRIDGESTONE","BR19813006","d0dfa7e5-d0bf-4585-8f69-3037bf0cb868","Bridgestone ALENZA 001 tire product photo","https://www.google.com/search?tbm=isch&q=Bridgestone%20ALENZA%20001%20tire%20product%20photo","https://www.bing.com/images/search?q=Bridgestone%20ALENZA%20001%20tire%20product%20photo","https://duckduckgo.com/?iax=images&ia=images&q=Bridgestone%20ALENZA%20001%20tire%20product%20photo","","",""
"bridgestone-at-revo-2","Bridgestone","AT REVO 2","1","CUB. 225/70R17 AT REVO 2 108T BRIDGESTONE","BR19279001","290aebcf-53fc-4613-8518-e69dca290f3f","Bridgestone AT REVO 2 tire product photo","https://www.google.com/search?tbm=isch&q=Bridgestone%20AT%20REVO%202%20tire%20product%20photo","https://www.bing.com/images/search?q=Bridgestone%20AT%20REVO%202%20tire%20product%20photo","https://duckduckgo.com/?iax=images&ia=images&q=Bridgestone%20AT%20REVO%202%20tire%20product%20photo","","",""
"bridgestone-at-revo2-mixto","Bridgestone","AT REVO2 (MIXTO)","6","CUB. 225/65R17 AT REVO2 102T BRIDGESTONE (MIXTO)","BR14587002","bf40a37c-327c-492a-a97d-8004211fa4e4|632d1d1e-26e7-43b0-8d2b-99206b137a52|4b8acf20-fe0a-4377-95b5-9dfef5891b78|d4f324c3-6532-4271-8cfd-f2c4e2b81ebd|fd6d2192-a2bb-4648-b774-e0e2cff456e8|6bbe5727-9dba-41fc-a4bb-5a662848eb4f","Bridgestone AT REVO2 (MIXTO) tire product photo","https://www.google.com/search?tbm=isch&q=Bridgestone%20AT%20REVO2%20(MIXTO)%20tire%20product%20photo","https://www.bing.com/images/search?q=Bridgestone%20AT%20REVO2%20(MIXTO)%20tire%20product%20photo","https://duckduckgo.com/?iax=images&ia=images&q=Bridgestone%20AT%20REVO2%20(MIXTO)%20tire%20product%20photo","","",""
"bridgestone-at693","Bridgestone","AT693","1","CUB. 255/70R16 AT693 111T BRIDGESTONE","BR21453001","41edf453-4222-4d70-bf4f-6ed515cf2a17","Bridgestone AT693 tire product photo","https://www.google.com/search?tbm=isch&q=Bridgestone%20AT693%20tire%20product%20photo","https://www.bing.com/images/search?q=Bridgestone%20AT693%20tire%20product%20photo","https://duckduckgo.com/?iax=images&ia=images&q=Bridgestone%20AT693%20tire%20product%20photo","","",""
"bridgestone-at693iii","Bridgestone","AT693III","1","CUB. 265/65R17 AT693III 112S BRIDGESTONE","BR15331001","2aad43a1-c239-4957-9098-fbecd5d78678","Bridgestone AT693III tire product photo","https://www.google.com/search?tbm=isch&q=Bridgestone%20AT693III%20tire%20product%20photo","https://www.bing.com/images/search?q=Bridgestone%20AT693III%20tire%20product%20photo","https://duckduckgo.com/?iax=images&ia=images&q=Bridgestone%20AT693III%20tire%20product%20photo","","",""
"bridgestone-dueler-ht684-ii","Bridgestone","DUELER HT684 II","1","CUB. 225/70R16 DUELER HT684 II 102S BRIDGESTONE","BR14582005","2dcf11a9-7518-4a43-a42e-3618d9c68ab9","Bridgestone DUELER HT684 II tire product photo","https://www.google.com/search?tbm=isch&q=Bridgestone%20DUELER%20HT684%20II%20tire%20product%20photo","https://www.bing.com/images/search?q=Bridgestone%20DUELER%20HT684%20II%20tire%20product%20photo","https://duckduckgo.com/?iax=images&ia=images&q=Bridgestone%20DUELER%20HT684%20II%20tire%20product%20photo","","",""
"bridgestone-ep150","Bridgestone","EP150","3","CUB. 185/60R15 EP150 88H BRIDGESTONE","BR21595001","66e257a3-9f46-4120-be2d-49a16922cb98|5df316e3-efb0-44c5-a4fb-a68c50cd243f|1d08731c-8891-4db7-8219-a30d5747be49","Bridgestone EP150 tire product photo","https://www.google.com/search?tbm=isch&q=Bridgestone%20EP150%20tire%20product%20photo","https://www.bing.com/images/search?q=Bridgestone%20EP150%20tire%20product%20photo","https://duckduckgo.com/?iax=images&ia=images&q=Bridgestone%20EP150%20tire%20product%20photo","","",""
"bridgestone-ep150-21-22","Bridgestone","EP150 21-22","1","CUB. 195/50R16 EP150 84V BRIDGESTONE 21-22","BR16962001PROMO","04189386-62d4-4d9d-90cf-8d96600a0786","Bridgestone EP150 21-22 tire product photo","https://www.google.com/search?tbm=isch&q=Bridgestone%20EP150%2021-22%20tire%20product%20photo","https://www.bing.com/images/search?q=Bridgestone%20EP150%2021-22%20tire%20product%20photo","https://duckduckgo.com/?iax=images&ia=images&q=Bridgestone%20EP150%2021-22%20tire%20product%20photo","","",""
"bridgestone-ep150-ano-21","Bridgestone","EP150 AñO 21","1","185/60R15 EP150 88H BRIDGESTONE AñO 21","BR17498001PROMO","d5c0d60a-4253-441f-9cc9-ad283ff73cac","Bridgestone EP150 AñO 21 tire product photo","https://www.google.com/search?tbm=isch&q=Bridgestone%20EP150%20A%C3%B1O%2021%20tire%20product%20photo","https://www.bing.com/images/search?q=Bridgestone%20EP150%20A%C3%B1O%2021%20tire%20product%20photo","https://duckduckgo.com/?iax=images&ia=images&q=Bridgestone%20EP150%20A%C3%B1O%2021%20tire%20product%20photo","","",""
"bridgestone-ep150-promo-21-22","Bridgestone","EP150 PROMO 21-22","1","CUB. 175/70R14 EP150 84T BRIDGESTONE PROMO 21-22","BR16619001PROMO","e74253ed-1d34-440a-b46d-c601a765f41f","Bridgestone EP150 PROMO 21-22 tire product photo","https://www.google.com/search?tbm=isch&q=Bridgestone%20EP150%20PROMO%2021-22%20tire%20product%20photo","https://www.bing.com/images/search?q=Bridgestone%20EP150%20PROMO%2021-22%20tire%20product%20photo","https://duckduckgo.com/?iax=images&ia=images&q=Bridgestone%20EP150%20PROMO%2021-22%20tire%20product%20photo","","",""
"bridgestone-er30","Bridgestone","ER30","1","CUB. 195/55R15 ER30 85H BRIDGESTONE","BR15822001","774dea9e-b1c6-4385-a9dc-4e9c9ebf7a66","Bridgestone ER30 tire product photo","https://www.google.com/search?tbm=isch&q=Bridgestone%20ER30%20tire%20product%20photo","https://www.bing.com/images/search?q=Bridgestone%20ER30%20tire%20product%20photo","https://duckduckgo.com/?iax=images&ia=images&q=Bridgestone%20ER30%20tire%20product%20photo","","",""
"bridgestone-er300","Bridgestone","ER300","2","CUB. 205/55R16 ER300 91V BRIDGESTONE","BR10594001","b6777152-3854-4e9e-8224-f13d6dfdcfc5|8430b329-241e-48de-8d3e-222b52bc08ea","Bridgestone ER300 tire product photo","https://www.google.com/search?tbm=isch&q=Bridgestone%20ER300%20tire%20product%20photo","https://www.bing.com/images/search?q=Bridgestone%20ER300%20tire%20product%20photo","https://duckduckgo.com/?iax=images&ia=images&q=Bridgestone%20ER300%20tire%20product%20photo","","",""
"bridgestone-er370-22","Bridgestone","ER370 22","1","CUB. 215/55R17 ER370 94V BRIDGESTONE 22","BR15330001PROMO","4e50b2fc-1bca-4e0d-9beb-8ed00bce2ca7","Bridgestone ER370 22 tire product photo","https://www.google.com/search?tbm=isch&q=Bridgestone%20ER370%2022%20tire%20product%20photo","https://www.bing.com/images/search?q=Bridgestone%20ER370%2022%20tire%20product%20photo","https://duckduckgo.com/?iax=images&ia=images&q=Bridgestone%20ER370%2022%20tire%20product%20photo","","",""
"bridgestone-h-p-sport","Bridgestone","H/P SPORT","1","CUB. 225/65R17 H/P SPORT 102T BRIDGESTONE","BR17909001","40ccfd0f-656b-43a2-aefa-41f8cf55ef09","Bridgestone H/P SPORT tire product photo","https://www.google.com/search?tbm=isch&q=Bridgestone%20H%2FP%20SPORT%20tire%20product%20photo","https://www.bing.com/images/search?q=Bridgestone%20H%2FP%20SPORT%20tire%20product%20photo","https://duckduckgo.com/?iax=images&ia=images&q=Bridgestone%20H%2FP%20SPORT%20tire%20product%20photo","","",""
"bridgestone-h-p-sport-oferta","Bridgestone","H/P SPORT OFERTA","1","CUB. 225/60R17 H/P SPORT 99H BRIDGESTONE OFERTA","BR12476200PROMO","fb3d7c46-c19f-4be5-a7f2-6b7e13b355ba","Bridgestone H/P SPORT OFERTA tire product photo","https://www.google.com/search?tbm=isch&q=Bridgestone%20H%2FP%20SPORT%20OFERTA%20tire%20product%20photo","https://www.bing.com/images/search?q=Bridgestone%20H%2FP%20SPORT%20OFERTA%20tire%20product%20photo","https://duckduckgo.com/?iax=images&ia=images&q=Bridgestone%20H%2FP%20SPORT%20OFERTA%20tire%20product%20photo","","",""
"bridgestone-h-t-840-110","Bridgestone","H/T 840 110/","1","CUB. 205R16 H/T 840 110/108R BRIDGESTONE","1990008PROMO","ef4b0a15-38d3-48af-925a-8f799be3c9e5","Bridgestone H/T 840 110/ tire product photo","https://www.google.com/search?tbm=isch&q=Bridgestone%20H%2FT%20840%20110%2F%20tire%20product%20photo","https://www.bing.com/images/search?q=Bridgestone%20H%2FT%20840%20110%2F%20tire%20product%20photo","https://duckduckgo.com/?iax=images&ia=images&q=Bridgestone%20H%2FT%20840%20110%2F%20tire%20product%20photo","","",""
"bridgestone-ht-840","Bridgestone","HT-840","1","CUB. 265/65R17 HT-840 BRIDGESTONE","0000184001","e42bf493-ba48-40c0-a994-acccaeea3cc9","Bridgestone HT-840 tire product photo","https://www.google.com/search?tbm=isch&q=Bridgestone%20HT-840%20tire%20product%20photo","https://www.bing.com/images/search?q=Bridgestone%20HT-840%20tire%20product%20photo","https://duckduckgo.com/?iax=images&ia=images&q=Bridgestone%20HT-840%20tire%20product%20photo","","",""
"bridgestone-ht684ii","Bridgestone","HT684II","3","CUB. 215/65R16 HT684II 102H BRIDGESTONE","BR16040006","5fc1fb09-292b-42db-84fe-ca24b946ed4b|3d178c5b-1520-450b-b06c-f4f1a446762c|4003715c-8c3a-4d8e-830b-17eb032eed25","Bridgestone HT684II tire product photo","https://www.google.com/search?tbm=isch&q=Bridgestone%20HT684II%20tire%20product%20photo","https://www.bing.com/images/search?q=Bridgestone%20HT684II%20tire%20product%20photo","https://duckduckgo.com/?iax=images&ia=images&q=Bridgestone%20HT684II%20tire%20product%20photo","","",""
"bridgestone-ht684ii-ano-21","Bridgestone","HT684II AñO 21","1","CUB. 255/60R18 HT684II 108H BRIDGESTONE AñO 21","BR17585001PROMO","d31e206f-90aa-4054-9a33-224b9e965313","Bridgestone HT684II AñO 21 tire product photo","https://www.google.com/search?tbm=isch&q=Bridgestone%20HT684II%20A%C3%B1O%2021%20tire%20product%20photo","https://www.bing.com/images/search?q=Bridgestone%20HT684II%20A%C3%B1O%2021%20tire%20product%20photo","https://duckduckgo.com/?iax=images&ia=images&q=Bridgestone%20HT684II%20A%C3%B1O%2021%20tire%20product%20photo","","",""
"bridgestone-ht684iii","Bridgestone","HT684III","2","CUB. 245/65R17 HT684III 111T BRIDGESTONE","BR12810001","54d8d898-d4f0-4bad-88f4-786bd9c1228a|ac757976-465e-4c87-853c-9192293191da","Bridgestone HT684III tire product photo","https://www.google.com/search?tbm=isch&q=Bridgestone%20HT684III%20tire%20product%20photo","https://www.bing.com/images/search?q=Bridgestone%20HT684III%20tire%20product%20photo","https://duckduckgo.com/?iax=images&ia=images&q=Bridgestone%20HT684III%20tire%20product%20photo","","",""
"bridgestone-ht685","Bridgestone","HT685","1","CUB. 255/70R17 HT685 112T BRIDGESTONE","BR18811001","340d1fd5-9591-4fe1-9f19-34f7e8affd34","Bridgestone HT685 tire product photo","https://www.google.com/search?tbm=isch&q=Bridgestone%20HT685%20tire%20product%20photo","https://www.bing.com/images/search?q=Bridgestone%20HT685%20tire%20product%20photo","https://duckduckgo.com/?iax=images&ia=images&q=Bridgestone%20HT685%20tire%20product%20photo","","",""
"bridgestone-ht840-lisa","Bridgestone","HT840 (LISA)","1","CUB. 265/70R16 HT840 112S BRIDGESTONE (LISA)","BR10678001","fcee9531-6a29-4274-9509-f07c3ec11faf","Bridgestone HT840 (LISA) tire product photo","https://www.google.com/search?tbm=isch&q=Bridgestone%20HT840%20(LISA)%20tire%20product%20photo","https://www.bing.com/images/search?q=Bridgestone%20HT840%20(LISA)%20tire%20product%20photo","https://duckduckgo.com/?iax=images&ia=images&q=Bridgestone%20HT840%20(LISA)%20tire%20product%20photo","","",""
"bridgestone-mt674-113","Bridgestone","MT674 113/","1","CUB. 245/70R16 MT674 113/110Q BRIDGESTONE","BR17247400","2ec86ad7-41ce-483c-a733-b4bde0eba32c","Bridgestone MT674 113/ tire product photo","https://www.google.com/search?tbm=isch&q=Bridgestone%20MT674%20113%2F%20tire%20product%20photo","https://www.bing.com/images/search?q=Bridgestone%20MT674%20113%2F%20tire%20product%20photo","https://duckduckgo.com/?iax=images&ia=images&q=Bridgestone%20MT674%20113%2F%20tire%20product%20photo","","",""
"bridgestone-t005","Bridgestone","T005","1","CUB. 205/55R17 T005 91V BRIDGESTONE","BR18594006","3e794fc4-8c49-41dc-b2b5-0e8b6b429bc4","Bridgestone T005 tire product photo","https://www.google.com/search?tbm=isch&q=Bridgestone%20T005%20tire%20product%20photo","https://www.bing.com/images/search?q=Bridgestone%20T005%20tire%20product%20photo","https://duckduckgo.com/?iax=images&ia=images&q=Bridgestone%20T005%20tire%20product%20photo","","",""
"doublestar-dc32-double-coin","Doublestar","DC32 DOUBLE COIN","1","195/50R16 DC32 88V DOUBLE COIN","DO005","382fbfd0-90ae-481b-8a3d-558fb39b982e","Doublestar DC32 DOUBLE COIN tire product photo","https://www.google.com/search?tbm=isch&q=Doublestar%20DC32%20DOUBLE%20COIN%20tire%20product%20photo","https://www.bing.com/images/search?q=Doublestar%20DC32%20DOUBLE%20COIN%20tire%20product%20photo","https://duckduckgo.com/?iax=images&ia=images&q=Doublestar%20DC32%20DOUBLE%20COIN%20tire%20product%20photo","","",""
"doublestar-dl19-102-double-coin","Doublestar","DL19 102/ DOUBLE COIN","1","185R14 DL19 102/100Q DOUBLE COIN","DO004","4929f2c5-e8e9-45b1-8f0b-f844cf58bca1","Doublestar DL19 102/ DOUBLE COIN tire product photo","https://www.google.com/search?tbm=isch&q=Doublestar%20DL19%20102%2F%20DOUBLE%20COIN%20tire%20product%20photo","https://www.bing.com/images/search?q=Doublestar%20DL19%20102%2F%20DOUBLE%20COIN%20tire%20product%20photo","https://duckduckgo.com/?iax=images&ia=images&q=Doublestar%20DL19%20102%2F%20DOUBLE%20COIN%20tire%20product%20photo","","",""
"doublestar-dl19-103-double-coin","Doublestar","DL19 103/ DOUBLE COIN","1","185R15 DL19 103/102R DOUBLE COIN","DO007","4e297819-1767-4083-b3c1-07b4b2d58716","Doublestar DL19 103/ DOUBLE COIN tire product photo","https://www.google.com/search?tbm=isch&q=Doublestar%20DL19%20103%2F%20DOUBLE%20COIN%20tire%20product%20photo","https://www.bing.com/images/search?q=Doublestar%20DL19%20103%2F%20DOUBLE%20COIN%20tire%20product%20photo","https://duckduckgo.com/?iax=images&ia=images&q=Doublestar%20DL19%20103%2F%20DOUBLE%20COIN%20tire%20product%20photo","","",""
"doublestar-dl19-107-double-coin","Doublestar","DL19 107/ DOUBLE COIN","1","195/75R16 DL19 107/105R DOUBLE COIN","DO002","e9879028-57c6-4999-8579-500f58544c0a","Doublestar DL19 107/ DOUBLE COIN tire product photo","https://www.google.com/search?tbm=isch&q=Doublestar%20DL19%20107%2F%20DOUBLE%20COIN%20tire%20product%20photo","https://www.bing.com/images/search?q=Doublestar%20DL19%20107%2F%20DOUBLE%20COIN%20tire%20product%20photo","https://duckduckgo.com/?iax=images&ia=images&q=Doublestar%20DL19%20107%2F%20DOUBLE%20COIN%20tire%20product%20photo","","",""
"doublestar-dl19-113-double-coin","Doublestar","DL19 113/ DOUBLE COIN","1","205/75R16 DL19 113/111R DOUBLE COIN","DO001","9d8b9bd9-b9d4-4a0c-b0f2-53379040ba75","Doublestar DL19 113/ DOUBLE COIN tire product photo","https://www.google.com/search?tbm=isch&q=Doublestar%20DL19%20113%2F%20DOUBLE%20COIN%20tire%20product%20photo","https://www.bing.com/images/search?q=Doublestar%20DL19%20113%2F%20DOUBLE%20COIN%20tire%20product%20photo","https://duckduckgo.com/?iax=images&ia=images&q=Doublestar%20DL19%20113%2F%20DOUBLE%20COIN%20tire%20product%20photo","","",""
"doublestar-ds-at-double-coin","Doublestar","DS-AT+ DOUBLE COIN","3","215/80R16 DS-AT+ 107R DOUBLE COIN","DO003","a2b0f84a-4e3a-4d2c-9170-ff58eefc9bbe|d4c43811-98cc-4865-bed2-0c219d6bad02|8780142b-40f5-4674-bbbf-b3792083884c","Doublestar DS-AT+ DOUBLE COIN tire product photo","https://www.google.com/search?tbm=isch&q=Doublestar%20DS-AT%2B%20DOUBLE%20COIN%20tire%20product%20photo","https://www.bing.com/images/search?q=Doublestar%20DS-AT%2B%20DOUBLE%20COIN%20tire%20product%20photo","https://duckduckgo.com/?iax=images&ia=images&q=Doublestar%20DS-AT%2B%20DOUBLE%20COIN%20tire%20product%20photo","","",""
"doublestar-dyno-pulse-van-104-double-coin","Doublestar","DYNO PULSE VAN 104/ DOUBLE COIN","1","195/70R15 DYNO PULSE VAN 104/102R DOUBLE COIN","DO009","eebaa283-4cd2-4adc-ade8-620517eea558","Doublestar DYNO PULSE VAN 104/ DOUBLE COIN tire product photo","https://www.google.com/search?tbm=isch&q=Doublestar%20DYNO%20PULSE%20VAN%20104%2F%20DOUBLE%20COIN%20tire%20product%20photo","https://www.bing.com/images/search?q=Doublestar%20DYNO%20PULSE%20VAN%20104%2F%20DOUBLE%20COIN%20tire%20product%20photo","https://duckduckgo.com/?iax=images&ia=images&q=Doublestar%20DYNO%20PULSE%20VAN%20104%2F%20DOUBLE%20COIN%20tire%20product%20photo","","",""
"fate-ar-oferta","Fate","AR- OFERTA","1","195/50R15 AR-550H FATE OFERTA","FAVE0004","dc819b67-323d-4ee6-9a68-3d83e96d3985","Fate AR- OFERTA tire product photo","https://www.google.com/search?tbm=isch&q=Fate%20AR-%20OFERTA%20tire%20product%20photo","https://www.bing.com/images/search?q=Fate%20AR-%20OFERTA%20tire%20product%20photo","https://duckduckgo.com/?iax=images&ia=images&q=Fate%20AR-%20OFERTA%20tire%20product%20photo","","",""
"fate-c-103-ar-410-avantia","Fate","C 103/ AR-410 AVANTIA","1","185R15 C 103/102N AR-410 AVANTIA FATE","FAVE0024","06e0a81e-e88f-49c6-84ca-99ef3f071d7c","Fate C 103/ AR-410 AVANTIA tire product photo","https://www.google.com/search?tbm=isch&q=Fate%20C%20103%2F%20AR-410%20AVANTIA%20tire%20product%20photo","https://www.bing.com/images/search?q=Fate%20C%20103%2F%20AR-410%20AVANTIA%20tire%20product%20photo","https://duckduckgo.com/?iax=images&ia=images&q=Fate%20C%20103%2F%20AR-410%20AVANTIA%20tire%20product%20photo","","",""
"fate-lt-110-rr-h-t-serie-2-oferta","Fate","LT 110/ RR H/T SERIE 2 OFERTA","1","LT 225/75R15 110/107R RR H/T SERIE 2 FATE OFERTA","FAVE0023","4ee3d470-8996-4db1-88ec-0040104a1370","Fate LT 110/ RR H/T SERIE 2 OFERTA tire product photo","https://www.google.com/search?tbm=isch&q=Fate%20LT%20110%2F%20RR%20H%2FT%20SERIE%202%20OFERTA%20tire%20product%20photo","https://www.bing.com/images/search?q=Fate%20LT%20110%2F%20RR%20H%2FT%20SERIE%202%20OFERTA%20tire%20product%20photo","https://duckduckgo.com/?iax=images&ia=images&q=Fate%20LT%20110%2F%20RR%20H%2FT%20SERIE%202%20OFERTA%20tire%20product%20photo","","",""
"fate-sentiva-sport-oferta","Fate","SENTIVA SPORT OFERTA","1","185/60R15 84H SENTIVA SPORT FATE OFERTA","FAVE0009","3d27f038-ad37-4f27-9210-fb3eb1f962e3","Fate SENTIVA SPORT OFERTA tire product photo","https://www.google.com/search?tbm=isch&q=Fate%20SENTIVA%20SPORT%20OFERTA%20tire%20product%20photo","https://www.bing.com/images/search?q=Fate%20SENTIVA%20SPORT%20OFERTA%20tire%20product%20photo","https://duckduckgo.com/?iax=images&ia=images&q=Fate%20SENTIVA%20SPORT%20OFERTA%20tire%20product%20photo","","",""
"firestone-31x10-destination-a-t-a","Firestone","31X10. DESTINATION A/T (A)","1","CUB. 31X10.50R15 DESTINATION A/T FIRESTONE (A)","FI14674001","474cc2b8-dfe3-48e6-89b7-abce976de06a","Firestone 31X10. DESTINATION A/T (A) tire product photo","https://www.google.com/search?tbm=isch&q=Firestone%2031X10.%20DESTINATION%20A%2FT%20(A)%20tire%20product%20photo","https://www.bing.com/images/search?q=Firestone%2031X10.%20DESTINATION%20A%2FT%20(A)%20tire%20product%20photo","https://duckduckgo.com/?iax=images&ia=images&q=Firestone%2031X10.%20DESTINATION%20A%2FT%20(A)%20tire%20product%20photo","","",""
"firestone-31x10-destination-atx","Firestone","31X10. DESTINATION ATX","1","CUB. 31X10.50R15 DESTINATION ATX 109S FIRESTONE","FI19350002","377566d7-64f4-44cf-bc76-58cf00cacb77","Firestone 31X10. DESTINATION ATX tire product photo","https://www.google.com/search?tbm=isch&q=Firestone%2031X10.%20DESTINATION%20ATX%20tire%20product%20photo","https://www.bing.com/images/search?q=Firestone%2031X10.%20DESTINATION%20ATX%20tire%20product%20photo","https://duckduckgo.com/?iax=images&ia=images&q=Firestone%2031X10.%20DESTINATION%20ATX%20tire%20product%20photo","","",""
"firestone-all-season","Firestone","ALL SEASON","1","CUB. 215/65R16 ALL SEASON 98T FIRESTONE","FI16519001","b150acda-2fae-43e4-a3f3-3a83e33ba446","Firestone ALL SEASON tire product photo","https://www.google.com/search?tbm=isch&q=Firestone%20ALL%20SEASON%20tire%20product%20photo","https://www.bing.com/images/search?q=Firestone%20ALL%20SEASON%20tire%20product%20photo","https://duckduckgo.com/?iax=images&ia=images&q=Firestone%20ALL%20SEASON%20tire%20product%20photo","","",""
"firestone-all-season-oferta","Firestone","ALL SEASON OFERTA","1","CUB. 205/65R16 ALL SEASON 95T FIRESTONE OFERTA","FI16759001","c26bebe3-0052-4087-8d88-232e651bf5fe","Firestone ALL SEASON OFERTA tire product photo","https://www.google.com/search?tbm=isch&q=Firestone%20ALL%20SEASON%20OFERTA%20tire%20product%20photo","https://www.bing.com/images/search?q=Firestone%20ALL%20SEASON%20OFERTA%20tire%20product%20photo","https://duckduckgo.com/?iax=images&ia=images&q=Firestone%20ALL%20SEASON%20OFERTA%20tire%20product%20photo","","",""
"firestone-cv5000-102","Firestone","CV5000 102/","1","CUB. 185R14 CV5000 102/100R FIRESTONE","FI16080002","537f6fab-df65-48e8-87ef-385d150bd8be","Firestone CV5000 102/ tire product photo","https://www.google.com/search?tbm=isch&q=Firestone%20CV5000%20102%2F%20tire%20product%20photo","https://www.bing.com/images/search?q=Firestone%20CV5000%20102%2F%20tire%20product%20photo","https://duckduckgo.com/?iax=images&ia=images&q=Firestone%20CV5000%20102%2F%20tire%20product%20photo","","",""
"firestone-cv5000-104","Firestone","CV5000 104/","1","CUB. 195/70R15 CV5000 104/102R FIRESTONE","FI17916002PROMO","18f244a8-3e76-4caa-8841-22dd262fb5ae","Firestone CV5000 104/ tire product photo","https://www.google.com/search?tbm=isch&q=Firestone%20CV5000%20104%2F%20tire%20product%20photo","https://www.bing.com/images/search?q=Firestone%20CV5000%20104%2F%20tire%20product%20photo","https://duckduckgo.com/?iax=images&ia=images&q=Firestone%20CV5000%20104%2F%20tire%20product%20photo","","",""
"firestone-cv5000-106","Firestone","CV5000 106/","1","CUB. 205/70R15 CV5000 106/104R FIRESTONE","FI18214001","06a5f163-f712-40d4-aaa9-1130d1b2c24d","Firestone CV5000 106/ tire product photo","https://www.google.com/search?tbm=isch&q=Firestone%20CV5000%20106%2F%20tire%20product%20photo","https://www.bing.com/images/search?q=Firestone%20CV5000%20106%2F%20tire%20product%20photo","https://duckduckgo.com/?iax=images&ia=images&q=Firestone%20CV5000%20106%2F%20tire%20product%20photo","","",""
"firestone-cv5000-110","Firestone","CV5000 110/","1","CUB. 205/75R16 CV5000 110/108R FIRESTONE","FI17935002","3d490828-bb31-4e69-b1cd-6f9eb797d8cf","Firestone CV5000 110/ tire product photo","https://www.google.com/search?tbm=isch&q=Firestone%20CV5000%20110%2F%20tire%20product%20photo","https://www.bing.com/images/search?q=Firestone%20CV5000%20110%2F%20tire%20product%20photo","https://duckduckgo.com/?iax=images&ia=images&q=Firestone%20CV5000%20110%2F%20tire%20product%20photo","","",""
"firestone-destination-a-t","Firestone","DESTINATION A/T","1","CUB. 245/70R16 DESTINATION A/T FIRESTONE","FI12629001","c3079d5f-180b-43ff-9aac-acbb56cd758d","Firestone DESTINATION A/T tire product photo","https://www.google.com/search?tbm=isch&q=Firestone%20DESTINATION%20A%2FT%20tire%20product%20photo","https://www.bing.com/images/search?q=Firestone%20DESTINATION%20A%2FT%20tire%20product%20photo","https://duckduckgo.com/?iax=images&ia=images&q=Firestone%20DESTINATION%20A%2FT%20tire%20product%20photo","","",""
"firestone-destination-a-t-mixto","Firestone","DESTINATION A/T (MIXTO)","2","CUB. 215/75R15 DESTINATION A/T FIRESTONE (MIXTO)","FI11364001","b757851b-07cb-46d1-b1bc-94a1849290b7|bfbda232-29d0-462d-8594-9a193cd33730","Firestone DESTINATION A/T (MIXTO) tire product photo","https://www.google.com/search?tbm=isch&q=Firestone%20DESTINATION%20A%2FT%20(MIXTO)%20tire%20product%20photo","https://www.bing.com/images/search?q=Firestone%20DESTINATION%20A%2FT%20(MIXTO)%20tire%20product%20photo","https://duckduckgo.com/?iax=images&ia=images&q=Firestone%20DESTINATION%20A%2FT%20(MIXTO)%20tire%20product%20photo","","",""
"firestone-destination-a-t-104","Firestone","DESTINATION A/T 104/","1","235/70R16 DESTINATION A/T 104/101S FIRESTONE","FI12628001","5f5e08e6-8834-4e3f-8338-cbf8a8ce03a2","Firestone DESTINATION A/T 104/ tire product photo","https://www.google.com/search?tbm=isch&q=Firestone%20DESTINATION%20A%2FT%20104%2F%20tire%20product%20photo","https://www.bing.com/images/search?q=Firestone%20DESTINATION%20A%2FT%20104%2F%20tire%20product%20photo","https://duckduckgo.com/?iax=images&ia=images&q=Firestone%20DESTINATION%20A%2FT%20104%2F%20tire%20product%20photo","","",""
"firestone-destination-a-t-104-mix","Firestone","DESTINATION A/T 104/ (MIX","1","CUB. 235/75R15 DESTINATION A/T 104/101R FIRESTONE (MIX","FI10885001","3c381235-ded9-4e1c-88a8-7775c989e8a6","Firestone DESTINATION A/T 104/ (MIX tire product photo","https://www.google.com/search?tbm=isch&q=Firestone%20DESTINATION%20A%2FT%20104%2F%20(MIX%20tire%20product%20photo","https://www.bing.com/images/search?q=Firestone%20DESTINATION%20A%2FT%20104%2F%20(MIX%20tire%20product%20photo","https://duckduckgo.com/?iax=images&ia=images&q=Firestone%20DESTINATION%20A%2FT%20104%2F%20(MIX%20tire%20product%20photo","","",""
"firestone-destination-atx","Firestone","DESTINATION ATX","6","CUB. 205/65R15 DESTINATION ATX 94T FIRESTONE","FI19954001","b4aa5616-4acf-4f62-be3e-b70e1684825b|8bb5dda1-396d-46d2-a4c5-da43f71e3a19|2fd74212-7c5d-4c26-9cb8-86661b722744|b529ccb0-3c4f-4467-8887-2a162524ea0a|26d453ab-24d6-47aa-858c-be7c4196bb00|31064bb1-b43a-4ed0-83e5-e252fce958e2","Firestone DESTINATION ATX tire product photo","https://www.google.com/search?tbm=isch&q=Firestone%20DESTINATION%20ATX%20tire%20product%20photo","https://www.bing.com/images/search?q=Firestone%20DESTINATION%20ATX%20tire%20product%20photo","https://duckduckgo.com/?iax=images&ia=images&q=Firestone%20DESTINATION%20ATX%20tire%20product%20photo","","",""
"firestone-destination-atx-123","Firestone","DESTINATION ATX 123/","1","CUB. 265/75R16 DESTINATION ATX 123/120S FIRESTONE","FI19318002","c14cf002-2cca-4a94-86fa-d6a5bd0c89ac","Firestone DESTINATION ATX 123/ tire product photo","https://www.google.com/search?tbm=isch&q=Firestone%20DESTINATION%20ATX%20123%2F%20tire%20product%20photo","https://www.bing.com/images/search?q=Firestone%20DESTINATION%20ATX%20123%2F%20tire%20product%20photo","https://duckduckgo.com/?iax=images&ia=images&q=Firestone%20DESTINATION%20ATX%20123%2F%20tire%20product%20photo","","",""
"firestone-destination-atx-firestones","Firestone","DESTINATION ATX FIRESTONES","2","CUB. 265/60R18 DESTINATION ATX FIRESTONES","FI22422006","744a173b-192c-4494-92f4-a2f3420a036a|2d1387f3-7cba-43b8-a8c9-d15789f17ba5","Firestone DESTINATION ATX FIRESTONES tire product photo","https://www.google.com/search?tbm=isch&q=Firestone%20DESTINATION%20ATX%20FIRESTONES%20tire%20product%20photo","https://www.bing.com/images/search?q=Firestone%20DESTINATION%20ATX%20FIRESTONES%20tire%20product%20photo","https://duckduckgo.com/?iax=images&ia=images&q=Firestone%20DESTINATION%20ATX%20FIRESTONES%20tire%20product%20photo","","",""
"firestone-destination-le3","Firestone","DESTINATION LE3","1","CUB. 265/65R17 DESTINATION LE3 112H FIRESTONE","FI22006006","4f93e11b-f77d-48ad-a544-e71cc475fdfe","Firestone DESTINATION LE3 tire product photo","https://www.google.com/search?tbm=isch&q=Firestone%20DESTINATION%20LE3%20tire%20product%20photo","https://www.bing.com/images/search?q=Firestone%20DESTINATION%20LE3%20tire%20product%20photo","https://duckduckgo.com/?iax=images&ia=images&q=Firestone%20DESTINATION%20LE3%20tire%20product%20photo","","",""
"firestone-destination-le3-lisa","Firestone","DESTINATION LE3 (LISA)","1","CUB. 265/60R18 DESTINATION LE3 110H FIRESTONE (LISA)","FI22004006","f620a3ad-560d-4aa3-a970-4e4eee51e054","Firestone DESTINATION LE3 (LISA) tire product photo","https://www.google.com/search?tbm=isch&q=Firestone%20DESTINATION%20LE3%20(LISA)%20tire%20product%20photo","https://www.bing.com/images/search?q=Firestone%20DESTINATION%20LE3%20(LISA)%20tire%20product%20photo","https://duckduckgo.com/?iax=images&ia=images&q=Firestone%20DESTINATION%20LE3%20(LISA)%20tire%20product%20photo","","",""
"firestone-destination-m-t-taco","Firestone","DESTINATION M/T (TACO)","2","CUB. 215/80R16 DESTINATION M/T FIRESTONE (TACO)","FI15004001","f5528a0c-41b2-479a-aeeb-87fc2ddef0e4|30445db2-670d-4c06-99b5-4d00d0908b29","Firestone DESTINATION M/T (TACO) tire product photo","https://www.google.com/search?tbm=isch&q=Firestone%20DESTINATION%20M%2FT%20(TACO)%20tire%20product%20photo","https://www.bing.com/images/search?q=Firestone%20DESTINATION%20M%2FT%20(TACO)%20tire%20product%20photo","https://duckduckgo.com/?iax=images&ia=images&q=Firestone%20DESTINATION%20M%2FT%20(TACO)%20tire%20product%20photo","","",""
"firestone-f600","Firestone","F600","9","CUB. 175/65R14 F600 82T FIRESTONE","FI15833001","9c074932-f2e6-4405-b1da-279e4ade6433|a7344b9d-c936-4791-b1ff-c21128fb99b7|9a456d1c-abc9-429f-887f-319f8571d3f0|25a6033c-cfc9-4b40-b1fa-c97e4c3dacde|57ef7649-e8e7-48de-9925-fcde5aa79563|6ef7c8a0-bc1c-4cc8-9c89-1be9cd8d4a3c|9dcee0fc-89b1-4797-8288-a127d0dff6f4|6456b784-afd5-405e-9758-2c9745fb4f43|992b5e40-dc15-4e65-896c-69ced6aacc8b","Firestone F600 tire product photo","https://www.google.com/search?tbm=isch&q=Firestone%20F600%20tire%20product%20photo","https://www.bing.com/images/search?q=Firestone%20F600%20tire%20product%20photo","https://duckduckgo.com/?iax=images&ia=images&q=Firestone%20F600%20tire%20product%20photo","","",""
"firestone-f600-25","Firestone","F600 25","1","CUB. 185/70R14 F600 88T FIRESTONE 25","FI16003001","2924c9c2-b0c6-4ec6-a943-41d70bac8e6c","Firestone F600 25 tire product photo","https://www.google.com/search?tbm=isch&q=Firestone%20F600%2025%20tire%20product%20photo","https://www.bing.com/images/search?q=Firestone%20F600%2025%20tire%20product%20photo","https://duckduckgo.com/?iax=images&ia=images&q=Firestone%20F600%2025%20tire%20product%20photo","","",""
"firestone-f600-oferta-22","Firestone","F600 OFERTA 22","1","CUB. 185/70R14 F600 88T FIRESTONE OFERTA 22","FI16003001PROMO","64e82605-2cbd-40db-b569-ffa9205931f7","Firestone F600 OFERTA 22 tire product photo","https://www.google.com/search?tbm=isch&q=Firestone%20F600%20OFERTA%2022%20tire%20product%20photo","https://www.bing.com/images/search?q=Firestone%20F600%20OFERTA%2022%20tire%20product%20photo","https://duckduckgo.com/?iax=images&ia=images&q=Firestone%20F600%20OFERTA%2022%20tire%20product%20photo","","",""
"firestone-f700","Firestone","F700","7","CUB. 175/65R14 F700 82T FIRESTONE","FI16745001","7027650c-cb6b-4aeb-8d7e-9c0b102e8bba|a655e85e-7514-4fd2-9611-8e370fc7f66a|eda514c5-1589-4937-b209-7be7de94319f|28382c0d-2aa8-4078-af4f-ec6617cabac5|11106660-4684-49ee-b95d-bc0fcf873f77|0edc8f10-5069-4c9f-875a-4c42bca91c0e|0dae08c8-d5ed-4533-babc-ce3e9d40d1e0","Firestone F700 tire product photo","https://www.google.com/search?tbm=isch&q=Firestone%20F700%20tire%20product%20photo","https://www.bing.com/images/search?q=Firestone%20F700%20tire%20product%20photo","https://duckduckgo.com/?iax=images&ia=images&q=Firestone%20F700%20tire%20product%20photo","","",""
"firestone-f900-21-22-23","Firestone","F900 21-22-23","1","CUB. 195/65R15 F900 91H FIRESTONE 21-22-23","FI10353001OFERTA","322fafce-35a5-4e3a-a5d9-be4dceac0c9a","Firestone F900 21-22-23 tire product photo","https://www.google.com/search?tbm=isch&q=Firestone%20F900%2021-22-23%20tire%20product%20photo","https://www.bing.com/images/search?q=Firestone%20F900%2021-22-23%20tire%20product%20photo","https://duckduckgo.com/?iax=images&ia=images&q=Firestone%20F900%2021-22-23%20tire%20product%20photo","","",""
"firestone-gtv-21","Firestone","GTV 21","1","CUB. 185/55R15 GTV 82V FIRESTONE 21","FI10261003PROMO","3f74017d-9938-48ec-b185-04f4bd98efec","Firestone GTV 21 tire product photo","https://www.google.com/search?tbm=isch&q=Firestone%20GTV%2021%20tire%20product%20photo","https://www.bing.com/images/search?q=Firestone%20GTV%2021%20tire%20product%20photo","https://duckduckgo.com/?iax=images&ia=images&q=Firestone%20GTV%2021%20tire%20product%20photo","","",""
"firestone-multihawk-p-carga","Firestone","MULTIHAWK (P/CARGA)","1","CUB. 175/65R14 MULTIHAWK 86T (P/CARGA) FIRESTONE","FI15003001","d75c2288-26f7-4b53-bdd2-0bd0dd1889f6","Firestone MULTIHAWK (P/CARGA) tire product photo","https://www.google.com/search?tbm=isch&q=Firestone%20MULTIHAWK%20(P%2FCARGA)%20tire%20product%20photo","https://www.bing.com/images/search?q=Firestone%20MULTIHAWK%20(P%2FCARGA)%20tire%20product%20photo","https://duckduckgo.com/?iax=images&ia=images&q=Firestone%20MULTIHAWK%20(P%2FCARGA)%20tire%20product%20photo","","",""
"firestone-winterforce-2","Firestone","WINTERFORCE 2","1","CUB. 185/65R14 WINTERFORCE 2 86S FIRESTONE","FI16626001","6968ab6d-bfab-4ea3-bf4a-761d8c6ad597","Firestone WINTERFORCE 2 tire product photo","https://www.google.com/search?tbm=isch&q=Firestone%20WINTERFORCE%202%20tire%20product%20photo","https://www.bing.com/images/search?q=Firestone%20WINTERFORCE%202%20tire%20product%20photo","https://duckduckgo.com/?iax=images&ia=images&q=Firestone%20WINTERFORCE%202%20tire%20product%20photo","","",""
"firestone-winterforce-2-21","Firestone","WINTERFORCE 2 21","1","CUB. 205/70R15 WINTERFORCE 2 96S FIRESTONE 21","FI16520001PROMO","48d76d83-b32e-4383-9aff-6549bdb51904","Firestone WINTERFORCE 2 21 tire product photo","https://www.google.com/search?tbm=isch&q=Firestone%20WINTERFORCE%202%2021%20tire%20product%20photo","https://www.bing.com/images/search?q=Firestone%20WINTERFORCE%202%2021%20tire%20product%20photo","https://duckduckgo.com/?iax=images&ia=images&q=Firestone%20WINTERFORCE%202%2021%20tire%20product%20photo","","",""
"firestone-winterforce-21","Firestone","WINTERFORCE 21","1","CUB. 205/75R15 WINTERFORCE FIRESTONE 21","0000164001PROMO","2e50bac7-f8c3-4314-9132-ad530e6f80e3","Firestone WINTERFORCE 21 tire product photo","https://www.google.com/search?tbm=isch&q=Firestone%20WINTERFORCE%2021%20tire%20product%20photo","https://www.bing.com/images/search?q=Firestone%20WINTERFORCE%2021%20tire%20product%20photo","https://duckduckgo.com/?iax=images&ia=images&q=Firestone%20WINTERFORCE%2021%20tire%20product%20photo","","",""
"giti-4x4-at70","Giti","4x4 AT70","1","Giti 4x4 AT70 255/65R17 110T","SJ25061266","3332b8b8-4dab-4a17-bfed-632b4e983dd1","Giti 4x4 AT70 tire product photo","https://www.google.com/search?tbm=isch&q=Giti%204x4%20AT70%20tire%20product%20photo","https://www.bing.com/images/search?q=Giti%204x4%20AT70%20tire%20product%20photo","https://duckduckgo.com/?iax=images&ia=images&q=Giti%204x4%20AT70%20tire%20product%20photo","","",""
"giti-giti4x4-ht152","Giti","GITI4X4 HT152","1","GITI4X4 HT152 215/55R18 95H","SJ25170848","520f8dd2-631b-4e5c-bdb6-d7aa4f399f44","Giti GITI4X4 HT152 tire product photo","https://www.google.com/search?tbm=isch&q=Giti%20GITI4X4%20HT152%20tire%20product%20photo","https://www.bing.com/images/search?q=Giti%20GITI4X4%20HT152%20tire%20product%20photo","https://duckduckgo.com/?iax=images&ia=images&q=Giti%20GITI4X4%20HT152%20tire%20product%20photo","","",""
"giti-giticomfort-228","Giti","GitiComfort 228","2","GitiComfort 228 195/55R16 91V","SJ24250644","47ff44e4-4dae-4821-9239-38c1ba997012|f6a1aeb1-3710-45a5-804d-0fda0f5d87f8","Giti GitiComfort 228 tire product photo","https://www.google.com/search?tbm=isch&q=Giti%20GitiComfort%20228%20tire%20product%20photo","https://www.bing.com/images/search?q=Giti%20GitiComfort%20228%20tire%20product%20photo","https://duckduckgo.com/?iax=images&ia=images&q=Giti%20GitiComfort%20228%20tire%20product%20photo","","",""
"giti-giticomfort-228v1","Giti","GitiComfort 228v1","1","GitiComfort 228v1 215/50R17 91V","SJ24260834","15695e06-f4b0-44ae-8aa1-3a2380a62671","Giti GitiComfort 228v1 tire product photo","https://www.google.com/search?tbm=isch&q=Giti%20GitiComfort%20228v1%20tire%20product%20photo","https://www.bing.com/images/search?q=Giti%20GitiComfort%20228v1%20tire%20product%20photo","https://duckduckgo.com/?iax=images&ia=images&q=Giti%20GitiComfort%20228v1%20tire%20product%20photo","","",""
"giti-giticomfort-f22","Giti","GitiComfort F22","4","GitiComfort F22 205/50R17 93V","SJ24560734","a0a55d13-20b6-4195-9569-2c1502e5cf74|7f47b5dc-6303-48c5-9340-ed72da97cce4|c56259fd-13f7-4a9e-a4b4-7b61429424cd|b4d18720-2029-4da8-97e6-7e17fc4ba991","Giti GitiComfort F22 tire product photo","https://www.google.com/search?tbm=isch&q=Giti%20GitiComfort%20F22%20tire%20product%20photo","https://www.bing.com/images/search?q=Giti%20GitiComfort%20F22%20tire%20product%20photo","https://duckduckgo.com/?iax=images&ia=images&q=Giti%20GitiComfort%20F22%20tire%20product%20photo","","",""
"giti-giticomfort-f50","Giti","GitiComfort F50","6","GitiComfort F50 215/60R17 96H","SJ25660852","dacc607f-9550-4ca3-979b-129a10b3528c|83cb32f4-43a5-4126-b42e-49c2cd9aefe3|f87c9b87-412c-497a-a917-5555d64fd20f|1b9aebe5-5d8e-4bf7-9219-fa4af4d3a9fa|d2edb05b-79a0-432c-b012-bf602e886997|6c06cdfb-1980-48c7-967d-015cab6c577b","Giti GitiComfort F50 tire product photo","https://www.google.com/search?tbm=isch&q=Giti%20GitiComfort%20F50%20tire%20product%20photo","https://www.bing.com/images/search?q=Giti%20GitiComfort%20F50%20tire%20product%20photo","https://duckduckgo.com/?iax=images&ia=images&q=Giti%20GitiComfort%20F50%20tire%20product%20photo","","",""
"giti-giticomfort-t20","Giti","GitiComfort T20","1","GitiComfort T20 225/60R16 98H","SJ24050952","de4248f1-9fb5-4208-a737-31911ed7b8a9","Giti GitiComfort T20 tire product photo","https://www.google.com/search?tbm=isch&q=Giti%20GitiComfort%20T20%20tire%20product%20photo","https://www.bing.com/images/search?q=Giti%20GitiComfort%20T20%20tire%20product%20photo","https://duckduckgo.com/?iax=images&ia=images&q=Giti%20GitiComfort%20T20%20tire%20product%20photo","","",""
"goodyear-assu-maxlife","Goodyear","ASSU MAXLIFE","6","ASSU MAXLIFE 165/70R13 83T","GOOD110375","fdaf3e42-358d-4bd0-ab68-af006fedfb09|bc7f48d8-5a01-4d65-8b6f-7517c97a27e1|fd7d1c91-3c8a-4fdc-b5df-031781839d9b|24a0bb85-4b5f-4f57-8436-5d105392df61|c31f53a4-3f37-41cd-8042-e85c58a0f066|cb5284d0-b856-48fc-88bf-7c5afd6bed71","Goodyear ASSU MAXLIFE tire product photo","https://www.google.com/search?tbm=isch&q=Goodyear%20ASSU%20MAXLIFE%20tire%20product%20photo","https://www.bing.com/images/search?q=Goodyear%20ASSU%20MAXLIFE%20tire%20product%20photo","https://duckduckgo.com/?iax=images&ia=images&q=Goodyear%20ASSU%20MAXLIFE%20tire%20product%20photo","","",""
"goodyear-assu-maxlife-sl","Goodyear","ASSU MAXLIFE SL","1","ASSU MAXLIFE 185/65R14 86H SL","GOOD110525","c9fcec35-749a-4cdb-aa67-6a620e3f1926","Goodyear ASSU MAXLIFE SL tire product photo","https://www.google.com/search?tbm=isch&q=Goodyear%20ASSU%20MAXLIFE%20SL%20tire%20product%20photo","https://www.bing.com/images/search?q=Goodyear%20ASSU%20MAXLIFE%20SL%20tire%20product%20photo","https://duckduckgo.com/?iax=images&ia=images&q=Goodyear%20ASSU%20MAXLIFE%20SL%20tire%20product%20photo","","",""
"goodyear-eagle-sport-2","Goodyear","EAGLE SPORT 2","2","EAGLE SPORT 2 185/65R15 88H","GOOD111466","15505798-4131-4177-8af2-cb55c79a2c3b|c75eda9c-869e-41c7-9f0f-4cd5ef3fb731","Goodyear EAGLE SPORT 2 tire product photo","https://www.google.com/search?tbm=isch&q=Goodyear%20EAGLE%20SPORT%202%20tire%20product%20photo","https://www.bing.com/images/search?q=Goodyear%20EAGLE%20SPORT%202%20tire%20product%20photo","https://duckduckgo.com/?iax=images&ia=images&q=Goodyear%20EAGLE%20SPORT%202%20tire%20product%20photo","","",""
"goodyear-eagle-touring","Goodyear","EAGLE TOURING","1","EAGLE TOURING 185/65R15 88H","GOOD118004","3f4aaf20-875c-43d7-987c-89c0f26acbde","Goodyear EAGLE TOURING tire product photo","https://www.google.com/search?tbm=isch&q=Goodyear%20EAGLE%20TOURING%20tire%20product%20photo","https://www.bing.com/images/search?q=Goodyear%20EAGLE%20TOURING%20tire%20product%20photo","https://duckduckgo.com/?iax=images&ia=images&q=Goodyear%20EAGLE%20TOURING%20tire%20product%20photo","","",""
"goodyear-efficientgrip","Goodyear","EFFICIENTGRIP","5","EFFICIENTGRIP 175/70R14 88T","GOOD109747","c8546ab2-f478-4af7-a71e-372ddb9db34c|4a913a2d-92aa-4692-ae45-418a71576779|a4918706-51b0-42c1-a7d4-3192202bb3c3|0adb01d6-6d09-4b88-8b15-9fba7ddb555b|2561b95c-d79e-4f77-92c2-f0de717d619a","Goodyear EFFICIENTGRIP tire product photo","https://www.google.com/search?tbm=isch&q=Goodyear%20EFFICIENTGRIP%20tire%20product%20photo","https://www.bing.com/images/search?q=Goodyear%20EFFICIENTGRIP%20tire%20product%20photo","https://duckduckgo.com/?iax=images&ia=images&q=Goodyear%20EFFICIENTGRIP%20tire%20product%20photo","","",""
"greentrac-h-journey-x","Greentrac","/H Journey-X","2","175/65R15 GREENTRAC 88/XL/H Journey-X","GREE13702112","5ae4b75c-2e63-437e-bdaa-f28c159fe6b3|11940ced-ad35-46ad-b3a2-2241161a4580","Greentrac /H Journey-X tire product photo","https://www.google.com/search?tbm=isch&q=Greentrac%20%2FH%20Journey-X%20tire%20product%20photo","https://www.bing.com/images/search?q=Greentrac%20%2FH%20Journey-X%20tire%20product%20photo","https://duckduckgo.com/?iax=images&ia=images&q=Greentrac%20%2FH%20Journey-X%20tire%20product%20photo","","",""
"greentrac-h-quest-x-suv","Greentrac","/H Quest-X SUV","1","235/65R17 GREENTRAC 108XL/H Quest-X SUV","GREE13732188","cdab4c0a-e746-45ad-ada9-a253989caf46","Greentrac /H Quest-X SUV tire product photo","https://www.google.com/search?tbm=isch&q=Greentrac%20%2FH%20Quest-X%20SUV%20tire%20product%20photo","https://www.bing.com/images/search?q=Greentrac%20%2FH%20Quest-X%20SUV%20tire%20product%20photo","https://duckduckgo.com/?iax=images&ia=images&q=Greentrac%20%2FH%20Quest-X%20SUV%20tire%20product%20photo","","",""
"greentrac-v-journey-x","Greentrac","/V Journey-X","1","195/45R16 GREENTRAC 84/XL/V Journey-X","GREE13702242","84b94246-f326-421b-95dc-f699171be2a0","Greentrac /V Journey-X tire product photo","https://www.google.com/search?tbm=isch&q=Greentrac%20%2FV%20Journey-X%20tire%20product%20photo","https://www.bing.com/images/search?q=Greentrac%20%2FV%20Journey-X%20tire%20product%20photo","https://duckduckgo.com/?iax=images&ia=images&q=Greentrac%20%2FV%20Journey-X%20tire%20product%20photo","","",""
"greentrac-xl-quest-x","Greentrac","/XL Quest-X","3","205/50R17 GREENTRAC 93Y/XL Quest-X","GREE13720925","bbea57c4-a80b-488d-b728-971383d3dfa5|618c666f-b920-4210-ab35-f9f11f121e46|91590659-3819-4199-905f-30014dbca7fb","Greentrac /XL Quest-X tire product photo","https://www.google.com/search?tbm=isch&q=Greentrac%20%2FXL%20Quest-X%20tire%20product%20photo","https://www.bing.com/images/search?q=Greentrac%20%2FXL%20Quest-X%20tire%20product%20photo","https://duckduckgo.com/?iax=images&ia=images&q=Greentrac%20%2FXL%20Quest-X%20tire%20product%20photo","","",""
"greentrac-195r14c-s-superange-van","Greentrac","195R14C /S Superange-Van","1","195R14C GREENTRAC 102/100/S Superange-Van","GREE13732515","d3c0bd4c-3614-4c8c-97a7-ec6fcb42ed3f","Greentrac 195R14C /S Superange-Van tire product photo","https://www.google.com/search?tbm=isch&q=Greentrac%20195R14C%20%2FS%20Superange-Van%20tire%20product%20photo","https://www.bing.com/images/search?q=Greentrac%20195R14C%20%2FS%20Superange-Van%20tire%20product%20photo","https://duckduckgo.com/?iax=images&ia=images&q=Greentrac%20195R14C%20%2FS%20Superange-Van%20tire%20product%20photo","","",""
"greentrac-205-75r16c-r-superange-van","Greentrac","205/75R16C /R Superange-Van","1","205/75R16C GREENTRAC 110/108/R Superange-Van","GREE13732607","0c539186-8bbf-4980-8428-b7a1d8350cf2","Greentrac 205/75R16C /R Superange-Van tire product photo","https://www.google.com/search?tbm=isch&q=Greentrac%20205%2F75R16C%20%2FR%20Superange-Van%20tire%20product%20photo","https://www.bing.com/images/search?q=Greentrac%20205%2F75R16C%20%2FR%20Superange-Van%20tire%20product%20photo","https://duckduckgo.com/?iax=images&ia=images&q=Greentrac%20205%2F75R16C%20%2FR%20Superange-Van%20tire%20product%20photo","","",""
"greentrac-225-70r15c-s-superange-van","Greentrac","225/70R15C /S Superange-Van","1","225/70R15C GREENTRAC 112/109/S Superange-Van","GREE13732553","6b383d8d-9796-4809-85f4-5a5a2f88a963","Greentrac 225/70R15C /S Superange-Van tire product photo","https://www.google.com/search?tbm=isch&q=Greentrac%20225%2F70R15C%20%2FS%20Superange-Van%20tire%20product%20photo","https://www.bing.com/images/search?q=Greentrac%20225%2F70R15C%20%2FS%20Superange-Van%20tire%20product%20photo","https://duckduckgo.com/?iax=images&ia=images&q=Greentrac%20225%2F70R15C%20%2FS%20Superange-Van%20tire%20product%20photo","","",""
"greentrac-235-65r16c-t-superange-van","Greentrac","235/65R16C /T Superange-Van","1","235/65R16C GREENTRAC 115/113/T Superange-Van","GREE13732614","40dfd872-eff1-4536-bc23-530792f8a7ca","Greentrac 235/65R16C /T Superange-Van tire product photo","https://www.google.com/search?tbm=isch&q=Greentrac%20235%2F65R16C%20%2FT%20Superange-Van%20tire%20product%20photo","https://www.bing.com/images/search?q=Greentrac%20235%2F65R16C%20%2FT%20Superange-Van%20tire%20product%20photo","https://duckduckgo.com/?iax=images&ia=images&q=Greentrac%20235%2F65R16C%20%2FT%20Superange-Van%20tire%20product%20photo","","",""
"greentrac-31x10-50r15lt-m-s-rough-master-xt","Greentrac","31X10.50R15LT M+S ROUGH MASTER XT","1","31X10.50R15LT 109S M+S ROUGH MASTER XT GREENTRAC","GREE13732300","f5b1c29f-ab6b-4a2a-9a72-059a62aa0b54","Greentrac 31X10.50R15LT M+S ROUGH MASTER XT tire product photo","https://www.google.com/search?tbm=isch&q=Greentrac%2031X10.50R15LT%20M%2BS%20ROUGH%20MASTER%20XT%20tire%20product%20photo","https://www.bing.com/images/search?q=Greentrac%2031X10.50R15LT%20M%2BS%20ROUGH%20MASTER%20XT%20tire%20product%20photo","https://duckduckgo.com/?iax=images&ia=images&q=Greentrac%2031X10.50R15LT%20M%2BS%20ROUGH%20MASTER%20XT%20tire%20product%20photo","","",""
"greentrac-journey","Greentrac","journey","1","205/60R16 GREENTRAC journey 92V-DEMO-","GREE13702433","f439b670-99d2-4c39-a86e-e1b224dbff7d","Greentrac journey tire product photo","https://www.google.com/search?tbm=isch&q=Greentrac%20journey%20tire%20product%20photo","https://www.bing.com/images/search?q=Greentrac%20journey%20tire%20product%20photo","https://duckduckgo.com/?iax=images&ia=images&q=Greentrac%20journey%20tire%20product%20photo","","",""
"greentrac-journey-xl","Greentrac","Journey XL","4","195/55R16 GREENTRAC Journey 91W XL DEMO","GREE13702297","ed3bc831-8886-43fd-8d68-7ac1c7909e4d|ccb27d0a-1dd4-49c5-9b4a-6363ca1778ff|fea698df-e6a4-46f4-b82a-248a5b12a8e4|9654946a-d79f-48a5-8cc7-49206cfa9d88","Greentrac Journey XL tire product photo","https://www.google.com/search?tbm=isch&q=Greentrac%20Journey%20XL%20tire%20product%20photo","https://www.bing.com/images/search?q=Greentrac%20Journey%20XL%20tire%20product%20photo","https://duckduckgo.com/?iax=images&ia=images&q=Greentrac%20Journey%20XL%20tire%20product%20photo","","",""
"greentrac-journey-x","Greentrac","Journey-X","13","165/70R13 GREENTRAC Journey-X 79/H DEMO","GREE13702068","423ff305-8a9e-43a2-9b75-47155a9895af|665552a7-3442-4a65-9a98-e02aff58ef2b|39323d32-9578-4b43-b678-41bd132cf14e|3f14fe0d-ce74-4d7c-bcdf-c1784bf666ea|4f8695d3-9933-4924-9794-7e2666260d82|893f7fa4-4c22-4155-9620-ea330d8c6364|35746b95-9cd4-4135-9c8d-5a71213417b3|ddfa2dc0-d7bc-4593-a040-52bb8c25a34c|b4fa33b0-d588-430d-b49b-7e4d360091a8|d5a4cf39-7e3f-4c8f-922f-3719c9255f39|afb94140-95e1-4404-b3a6-fa485d27edd6|6e5a00e0-5a62-455e-be04-022320ff11ea|325ecee4-9bce-4e36-be0a-4a47d66f4eaf","Greentrac Journey-X tire product photo","https://www.google.com/search?tbm=isch&q=Greentrac%20Journey-X%20tire%20product%20photo","https://www.bing.com/images/search?q=Greentrac%20Journey-X%20tire%20product%20photo","https://duckduckgo.com/?iax=images&ia=images&q=Greentrac%20Journey-X%20tire%20product%20photo","","",""
"greentrac-journey-x-h","Greentrac","Journey-X /H","3","175/65R14 GREENTRAC Journey-X 86/XL/H DEMO","GREE13702105","ae982227-cf12-43e0-b41b-62b404ae5f75|9c79be72-b209-4146-86af-51f396a280d8|31e21ab7-bb46-460a-b195-83f31ac83fe8","Greentrac Journey-X /H tire product photo","https://www.google.com/search?tbm=isch&q=Greentrac%20Journey-X%20%2FH%20tire%20product%20photo","https://www.bing.com/images/search?q=Greentrac%20Journey-X%20%2FH%20tire%20product%20photo","https://duckduckgo.com/?iax=images&ia=images&q=Greentrac%20Journey-X%20%2FH%20tire%20product%20photo","","",""
"greentrac-journey-x-v","Greentrac","Journey-X /V","1","195/50R16 GREENTRAC Journey-X 88/XL/V -DEMO-","GREE13702266","e28001dd-5af9-4104-b990-3cde43687b7e","Greentrac Journey-X /V tire product photo","https://www.google.com/search?tbm=isch&q=Greentrac%20Journey-X%20%2FV%20tire%20product%20photo","https://www.bing.com/images/search?q=Greentrac%20Journey-X%20%2FV%20tire%20product%20photo","https://duckduckgo.com/?iax=images&ia=images&q=Greentrac%20Journey-X%20%2FV%20tire%20product%20photo","","",""
"greentrac-journey-x-w","Greentrac","Journey-X /W","1","225/45R17 GREENTRAC Journey-X 94/XL/W DEMO","GREE13702600","e0bfb39d-0a00-42ea-9b47-77941abd2795","Greentrac Journey-X /W tire product photo","https://www.google.com/search?tbm=isch&q=Greentrac%20Journey-X%20%2FW%20tire%20product%20photo","https://www.bing.com/images/search?q=Greentrac%20Journey-X%20%2FW%20tire%20product%20photo","https://duckduckgo.com/?iax=images&ia=images&q=Greentrac%20Journey-X%20%2FW%20tire%20product%20photo","","",""
"greentrac-lt215-100-m-s-rough-master-xt","Greentrac","LT215/ 100/ M+S ROUGH MASTER XT","1","LT215/75R15 100/97T M+S ROUGH MASTER XT GREENTRAC","GREE13732287","96fb8993-8269-411f-96db-b4b0f514a701","Greentrac LT215/ 100/ M+S ROUGH MASTER XT tire product photo","https://www.google.com/search?tbm=isch&q=Greentrac%20LT215%2F%20100%2F%20M%2BS%20ROUGH%20MASTER%20XT%20tire%20product%20photo","https://www.bing.com/images/search?q=Greentrac%20LT215%2F%20100%2F%20M%2BS%20ROUGH%20MASTER%20XT%20tire%20product%20photo","https://duckduckgo.com/?iax=images&ia=images&q=Greentrac%20LT215%2F%20100%2F%20M%2BS%20ROUGH%20MASTER%20XT%20tire%20product%20photo","","",""
"greentrac-lt225-115-rough-master-xt","Greentrac","LT225/ 115 / Rough Master-XT","1","LT225/75R16 GREENTRAC 115 / 112/S Rough Master-XT","GREE13732317","dff02295-852d-4f83-a037-8a1bcabd8007","Greentrac LT225/ 115 / Rough Master-XT tire product photo","https://www.google.com/search?tbm=isch&q=Greentrac%20LT225%2F%20115%20%2F%20Rough%20Master-XT%20tire%20product%20photo","https://www.bing.com/images/search?q=Greentrac%20LT225%2F%20115%20%2F%20Rough%20Master-XT%20tire%20product%20photo","https://duckduckgo.com/?iax=images&ia=images&q=Greentrac%20LT225%2F%20115%20%2F%20Rough%20Master-XT%20tire%20product%20photo","","",""
"greentrac-lt245-120-m-s-rough-master-xt","Greentrac","LT245/ 120/ M+S ROUGH MASTER XT","1","LT245/75R16 120/116S M+S ROUGH MASTER XT GREENTRAC","GREE13732331","d09056a7-a41f-4374-a220-3f8d98edac17","Greentrac LT245/ 120/ M+S ROUGH MASTER XT tire product photo","https://www.google.com/search?tbm=isch&q=Greentrac%20LT245%2F%20120%2F%20M%2BS%20ROUGH%20MASTER%20XT%20tire%20product%20photo","https://www.bing.com/images/search?q=Greentrac%20LT245%2F%20120%2F%20M%2BS%20ROUGH%20MASTER%20XT%20tire%20product%20photo","https://duckduckgo.com/?iax=images&ia=images&q=Greentrac%20LT245%2F%20120%2F%20M%2BS%20ROUGH%20MASTER%20XT%20tire%20product%20photo","","",""
"greentrac-lt265-119-rough-master-rt","Greentrac","LT265/ 119/ ROUGH MASTER-RT","1","LT265/60R18 119/116Q ROUGH MASTER-RT GREENTRAC","GREE13703560","0e8747ca-f320-44e2-bcfa-f6677636cebd","Greentrac LT265/ 119/ ROUGH MASTER-RT tire product photo","https://www.google.com/search?tbm=isch&q=Greentrac%20LT265%2F%20119%2F%20ROUGH%20MASTER-RT%20tire%20product%20photo","https://www.bing.com/images/search?q=Greentrac%20LT265%2F%20119%2F%20ROUGH%20MASTER-RT%20tire%20product%20photo","https://duckduckgo.com/?iax=images&ia=images&q=Greentrac%20LT265%2F%20119%2F%20ROUGH%20MASTER-RT%20tire%20product%20photo","","",""
"greentrac-lt265-121-rough-master-rt","Greentrac","LT265/ 121/ ROUGH MASTER-RT","1","LT265/70R17 121/118Q ROUGH MASTER-RT GREENTRAC","GREE13703614","25ec40c3-03df-4503-b7cd-320f0dab3d4b","Greentrac LT265/ 121/ ROUGH MASTER-RT tire product photo","https://www.google.com/search?tbm=isch&q=Greentrac%20LT265%2F%20121%2F%20ROUGH%20MASTER-RT%20tire%20product%20photo","https://www.bing.com/images/search?q=Greentrac%20LT265%2F%20121%2F%20ROUGH%20MASTER-RT%20tire%20product%20photo","https://duckduckgo.com/?iax=images&ia=images&q=Greentrac%20LT265%2F%20121%2F%20ROUGH%20MASTER-RT%20tire%20product%20photo","","",""
"greentrac-lt265-123-m-s-rough-master-xt","Greentrac","LT265/ 123/ M+S ROUGH MASTER XT","1","LT265/75R16 123/120S M+S ROUGH MASTER XT GREENTRAC","GREE13732355","77d19653-5b4f-4800-a2f1-37d492efc36f","Greentrac LT265/ 123/ M+S ROUGH MASTER XT tire product photo","https://www.google.com/search?tbm=isch&q=Greentrac%20LT265%2F%20123%2F%20M%2BS%20ROUGH%20MASTER%20XT%20tire%20product%20photo","https://www.bing.com/images/search?q=Greentrac%20LT265%2F%20123%2F%20M%2BS%20ROUGH%20MASTER%20XT%20tire%20product%20photo","https://duckduckgo.com/?iax=images&ia=images&q=Greentrac%20LT265%2F%20123%2F%20M%2BS%20ROUGH%20MASTER%20XT%20tire%20product%20photo","","",""
"greentrac-lt275-119-rough-master-rt","Greentrac","LT275/ 119/ ROUGH MASTER-RT","1","LT275/60R20 119/116Q ROUGH MASTER-RT GREENTRAC","GREE13730153","6a9d15b4-dd02-44b3-9472-4c35c0f9aefb","Greentrac LT275/ 119/ ROUGH MASTER-RT tire product photo","https://www.google.com/search?tbm=isch&q=Greentrac%20LT275%2F%20119%2F%20ROUGH%20MASTER-RT%20tire%20product%20photo","https://www.bing.com/images/search?q=Greentrac%20LT275%2F%20119%2F%20ROUGH%20MASTER-RT%20tire%20product%20photo","https://duckduckgo.com/?iax=images&ia=images&q=Greentrac%20LT275%2F%20119%2F%20ROUGH%20MASTER-RT%20tire%20product%20photo","","",""
"greentrac-m-s-rough-master-xt","Greentrac","M+S ROUGH MASTER XT","3","265/60R18 110T M+S ROUGH MASTER XT GREENTRAC","GREE13732416","a0d7d3b5-e103-40f8-92a0-b59cbc5e4e73|302a4d6e-599e-47ec-856d-d1797d1bb5a0|41666ed0-4680-412e-be7f-d5d065b3d05a","Greentrac M+S ROUGH MASTER XT tire product photo","https://www.google.com/search?tbm=isch&q=Greentrac%20M%2BS%20ROUGH%20MASTER%20XT%20tire%20product%20photo","https://www.bing.com/images/search?q=Greentrac%20M%2BS%20ROUGH%20MASTER%20XT%20tire%20product%20photo","https://duckduckgo.com/?iax=images&ia=images&q=Greentrac%20M%2BS%20ROUGH%20MASTER%20XT%20tire%20product%20photo","","",""
"greentrac-quest-x-suv","Greentrac","Quest-X SUV","4","225/70R16 GREENTRAC 103/T Quest-X SUV","GREE13732119","6c2923c8-ce81-4063-a706-50baf1a621e5|8c747d97-435e-4018-a73d-96d850c17283|d11e6ccd-3441-40ba-8d3d-ad7638976800|d35374ea-3507-4a84-9177-0bb6160e43a2","Greentrac Quest-X SUV tire product photo","https://www.google.com/search?tbm=isch&q=Greentrac%20Quest-X%20SUV%20tire%20product%20photo","https://www.bing.com/images/search?q=Greentrac%20Quest-X%20SUV%20tire%20product%20photo","https://duckduckgo.com/?iax=images&ia=images&q=Greentrac%20Quest-X%20SUV%20tire%20product%20photo","","",""
"greentrac-rough-master-xt","Greentrac","Rough Master-XT","2","235/75R15 GREENTRAC 109/T Rough Master-XT","GREE13732294","8b5d41ee-c158-4807-8c25-0b6c40d534a6|cbc110ed-a383-464a-88ed-cb794add91ee","Greentrac Rough Master-XT tire product photo","https://www.google.com/search?tbm=isch&q=Greentrac%20Rough%20Master-XT%20tire%20product%20photo","https://www.bing.com/images/search?q=Greentrac%20Rough%20Master-XT%20tire%20product%20photo","https://duckduckgo.com/?iax=images&ia=images&q=Greentrac%20Rough%20Master-XT%20tire%20product%20photo","","",""
"gt-radial-adventuro-at3","GT Radial","ADVENTURO AT3","4","ADVENTURO AT3 245/70R16 111T","SJ22251176","1ea56b2a-7551-4ceb-9425-8f35a7c3b744|c8e5b18d-37fc-4ea6-994c-9bd05f2e801e|d6554d1c-3d7b-45f1-9b59-057aeea3309d|0b98d7c5-dbad-4c3d-902d-b89e8c934052","GT Radial ADVENTURO AT3 tire product photo","https://www.google.com/search?tbm=isch&q=GT%20Radial%20ADVENTURO%20AT3%20tire%20product%20photo","https://www.bing.com/images/search?q=GT%20Radial%20ADVENTURO%20AT3%20tire%20product%20photo","https://duckduckgo.com/?iax=images&ia=images&q=GT%20Radial%20ADVENTURO%20AT3%20tire%20product%20photo","","",""
"gt-radial-adventuro-at3-126","GT Radial","ADVENTURO AT3 126/","1","ADVENTURO AT3 285/75R16 126/123R","SJ22251582","05fc4fc4-1324-43b8-b9e4-52207561a86a","GT Radial ADVENTURO AT3 126/ tire product photo","https://www.google.com/search?tbm=isch&q=GT%20Radial%20ADVENTURO%20AT3%20126%2F%20tire%20product%20photo","https://www.bing.com/images/search?q=GT%20Radial%20ADVENTURO%20AT3%20126%2F%20tire%20product%20photo","https://duckduckgo.com/?iax=images&ia=images&q=GT%20Radial%20ADVENTURO%20AT3%20126%2F%20tire%20product%20photo","","",""
"gt-radial-adventuro-at3-owl","GT Radial","ADVENTURO AT3 OWL","4","ADVENTURO AT3 OWL 265/50R20 111T","SJ22291336","c8429927-232d-4172-a47e-7594d40fbdcd|263885ad-6468-42d7-9d10-fc536ad7f5fb|3e67431b-f7aa-421c-ad24-9ab6d3720f46|ea7e723a-628c-4dee-98d7-bf30072e1e67","GT Radial ADVENTURO AT3 OWL tire product photo","https://www.google.com/search?tbm=isch&q=GT%20Radial%20ADVENTURO%20AT3%20OWL%20tire%20product%20photo","https://www.bing.com/images/search?q=GT%20Radial%20ADVENTURO%20AT3%20OWL%20tire%20product%20photo","https://duckduckgo.com/?iax=images&ia=images&q=GT%20Radial%20ADVENTURO%20AT3%20OWL%20tire%20product%20photo","","",""
"gt-radial-adventuro-m-t-104","GT Radial","ADVENTURO M/T 104/","1","ADVENTURO M/T 235/75R15 104/101S","SJ22541084","264b0e1d-24bd-4168-9dfb-39fa3b1f204c","GT Radial ADVENTURO M/T 104/ tire product photo","https://www.google.com/search?tbm=isch&q=GT%20Radial%20ADVENTURO%20M%2FT%20104%2F%20tire%20product%20photo","https://www.bing.com/images/search?q=GT%20Radial%20ADVENTURO%20M%2FT%20104%2F%20tire%20product%20photo","https://duckduckgo.com/?iax=images&ia=images&q=GT%20Radial%20ADVENTURO%20M%2FT%20104%2F%20tire%20product%20photo","","",""
"gt-radial-champiro-fe1-xl","GT Radial","CHAMPIRO FE1 XL","1","CHAMPIRO FE1 195/50R16 88V XL","SJ20350634","81e8490c-8455-416b-b1e9-34c169645af6","GT Radial CHAMPIRO FE1 XL tire product photo","https://www.google.com/search?tbm=isch&q=GT%20Radial%20CHAMPIRO%20FE1%20XL%20tire%20product%20photo","https://www.bing.com/images/search?q=GT%20Radial%20CHAMPIRO%20FE1%20XL%20tire%20product%20photo","https://duckduckgo.com/?iax=images&ia=images&q=GT%20Radial%20CHAMPIRO%20FE1%20XL%20tire%20product%20photo","","",""
"gt-radial-champiro-vp1","GT Radial","CHAMPIRO VP1","24","CHAMPIRO VP1 165/70R13 79T","SJ20120370","dcc7082e-0506-45c0-ac1a-5e0720621a09|e0daa83f-70e8-403b-b7e5-aa75eb662834|da482bbe-46b8-4faf-9062-331ff2a7d3ef|45d0c3d4-bc58-4487-a284-bd8f6230c80a|a3288733-b958-4cc1-b978-0b7c310bbbc1|d8874651-cd30-4080-a03f-d4d11560f745|add98699-b270-48c3-9c76-36dd0a086a71|4a4c1b58-3144-4c3b-8c21-a78c4e9f7ae8|4125fa58-d053-4cea-a89d-4f0fc6e5e179|971bffaa-d087-46d8-b4cd-d6522cbfd71f|c5ca347e-04c7-4913-bb3e-fb9774248349|cce15459-91aa-4bf1-afbd-94691482f2c4|bce44e4b-1219-409e-a8a1-96d8f773f9ea|506c2669-7b3a-4ddc-97b1-ded53d00bdef|eff29217-50f8-4288-ab58-8448b461f72d|bf491e5a-8ced-4f2a-9a58-f5c9299038b2|975d7b2f-2170-4208-893b-35c27e48157e|d8c70e44-2458-4ef4-a6f0-27d2de293514|96bce66b-fb70-4c5e-90c7-3acb83be4fb3|dd916f77-72ae-4631-b64f-b9b9dbbef1a8|b6fa34ce-28f4-4fd1-8351-9b34333064a0|a29e7a1a-ba18-4174-afad-18bf86c3fdf8|0e44ce26-eb95-40be-bf59-328f136693c7|1a2f9053-c472-47ae-838e-245597057d1f","GT Radial CHAMPIRO VP1 tire product photo","https://www.google.com/search?tbm=isch&q=GT%20Radial%20CHAMPIRO%20VP1%20tire%20product%20photo","https://www.bing.com/images/search?q=GT%20Radial%20CHAMPIRO%20VP1%20tire%20product%20photo","https://duckduckgo.com/?iax=images&ia=images&q=GT%20Radial%20CHAMPIRO%20VP1%20tire%20product%20photo","","",""
"gt-radial-champiro-vp1-p225","GT Radial","CHAMPIRO VP1 P225/","1","CHAMPIRO VP1 P225/60R18 99H","SJ20170952","b6c14fdc-860f-4f3e-973c-95de9c360359","GT Radial CHAMPIRO VP1 P225/ tire product photo","https://www.google.com/search?tbm=isch&q=GT%20Radial%20CHAMPIRO%20VP1%20P225%2F%20tire%20product%20photo","https://www.bing.com/images/search?q=GT%20Radial%20CHAMPIRO%20VP1%20P225%2F%20tire%20product%20photo","https://duckduckgo.com/?iax=images&ia=images&q=GT%20Radial%20CHAMPIRO%20VP1%20P225%2F%20tire%20product%20photo","","",""
"gt-radial-maxmiler-pr-121","GT Radial","MAXMILER PR 121/","1","MAXMILER PR 225/75R16 121/120R","SJ23050982","864ff86e-6508-44f2-b37d-eda029e9b1b5","GT Radial MAXMILER PR 121/ tire product photo","https://www.google.com/search?tbm=isch&q=GT%20Radial%20MAXMILER%20PR%20121%2F%20tire%20product%20photo","https://www.bing.com/images/search?q=GT%20Radial%20MAXMILER%20PR%20121%2F%20tire%20product%20photo","https://duckduckgo.com/?iax=images&ia=images&q=GT%20Radial%20MAXMILER%20PR%20121%2F%20tire%20product%20photo","","",""
"gt-radial-maxmiler-pro-195-75r16c-107-8pr-lt","GT Radial","MAXMILER PRO 195/75R16C 107/ 8PR LT","1","MAXMILER PRO 195/75R16C 107/105R 8PR LT","SJ23050682","d770a131-9501-4997-9c44-be5706e10146","GT Radial MAXMILER PRO 195/75R16C 107/ 8PR LT tire product photo","https://www.google.com/search?tbm=isch&q=GT%20Radial%20MAXMILER%20PRO%20195%2F75R16C%20107%2F%208PR%20LT%20tire%20product%20photo","https://www.bing.com/images/search?q=GT%20Radial%20MAXMILER%20PRO%20195%2F75R16C%20107%2F%208PR%20LT%20tire%20product%20photo","https://duckduckgo.com/?iax=images&ia=images&q=GT%20Radial%20MAXMILER%20PRO%20195%2F75R16C%20107%2F%208PR%20LT%20tire%20product%20photo","","",""
"gt-radial-maxmiler-pro-195r15c-lt-106","GT Radial","MAXMILER PRO 195R15C LT 106/","1","MAXMILER PRO 195R15C LT 106/104S","SJ23040694","35a58f92-11fd-4db2-9be1-0aaba0887029","GT Radial MAXMILER PRO 195R15C LT 106/ tire product photo","https://www.google.com/search?tbm=isch&q=GT%20Radial%20MAXMILER%20PRO%20195R15C%20LT%20106%2F%20tire%20product%20photo","https://www.bing.com/images/search?q=GT%20Radial%20MAXMILER%20PRO%20195R15C%20LT%20106%2F%20tire%20product%20photo","https://duckduckgo.com/?iax=images&ia=images&q=GT%20Radial%20MAXMILER%20PRO%20195R15C%20LT%20106%2F%20tire%20product%20photo","","",""
"gt-radial-maxmiler-pro-205-75r16c-113-lt","GT Radial","MAXMILER PRO 205/75R16C 113/ LT","1","MAXMILER PRO 205/75R16C 113/111R 10PR LT","SJ23050782","752bf7b5-2c4d-41af-9daf-3c702bf5d98c","GT Radial MAXMILER PRO 205/75R16C 113/ LT tire product photo","https://www.google.com/search?tbm=isch&q=GT%20Radial%20MAXMILER%20PRO%20205%2F75R16C%20113%2F%20LT%20tire%20product%20photo","https://www.bing.com/images/search?q=GT%20Radial%20MAXMILER%20PRO%20205%2F75R16C%20113%2F%20LT%20tire%20product%20photo","https://duckduckgo.com/?iax=images&ia=images&q=GT%20Radial%20MAXMILER%20PRO%20205%2F75R16C%20113%2F%20LT%20tire%20product%20photo","","",""
"gt-radial-maxmiler-pro-225-65r16c-112-8pr-lt","GT Radial","MAXMILER PRO 225/65R16C 112/ 8PR LT","1","MAXMILER PRO 225/65R16C 112/110T 8PR LT","SJ23050966","1230ad5b-884a-4ec7-8abd-2a75b3549e72","GT Radial MAXMILER PRO 225/65R16C 112/ 8PR LT tire product photo","https://www.google.com/search?tbm=isch&q=GT%20Radial%20MAXMILER%20PRO%20225%2F65R16C%20112%2F%208PR%20LT%20tire%20product%20photo","https://www.bing.com/images/search?q=GT%20Radial%20MAXMILER%20PRO%20225%2F65R16C%20112%2F%208PR%20LT%20tire%20product%20photo","https://duckduckgo.com/?iax=images&ia=images&q=GT%20Radial%20MAXMILER%20PRO%20225%2F65R16C%20112%2F%208PR%20LT%20tire%20product%20photo","","",""
"gt-radial-maxmiler-pro-90-6pr-lt","GT Radial","MAXMILER PRO 90/ 6PR LT","1","MAXMILER PRO 175/65R14 90/88T 6PR LT","SJ23030466","c90e8865-b5f2-4fdb-b7ee-2b7974ca690d","GT Radial MAXMILER PRO 90/ 6PR LT tire product photo","https://www.google.com/search?tbm=isch&q=GT%20Radial%20MAXMILER%20PRO%2090%2F%206PR%20LT%20tire%20product%20photo","https://www.bing.com/images/search?q=GT%20Radial%20MAXMILER%20PRO%2090%2F%206PR%20LT%20tire%20product%20photo","https://duckduckgo.com/?iax=images&ia=images&q=GT%20Radial%20MAXMILER%20PRO%2090%2F%206PR%20LT%20tire%20product%20photo","","",""
"gt-radial-savero-ht2-owl","GT Radial","SAVERO HT2 OWL","2","SAVERO HT2 OWL 255/70R16 109T","SJ22051270","efd881e9-0d7f-4915-a67e-1b2798501149|cd5a3070-c331-4abc-b81b-d592fe54f7c2","GT Radial SAVERO HT2 OWL tire product photo","https://www.google.com/search?tbm=isch&q=GT%20Radial%20SAVERO%20HT2%20OWL%20tire%20product%20photo","https://www.bing.com/images/search?q=GT%20Radial%20SAVERO%20HT2%20OWL%20tire%20product%20photo","https://duckduckgo.com/?iax=images&ia=images&q=GT%20Radial%20SAVERO%20HT2%20OWL%20tire%20product%20photo","","",""
"hankook-ra-08","Hankook","RA- 08","1","215/70R16 RA- 08 HANKOOK","HA0005","9917353f-1d2e-48d5-897d-3618899bc3fd","Hankook RA- 08 tire product photo","https://www.google.com/search?tbm=isch&q=Hankook%20RA-%2008%20tire%20product%20photo","https://www.bing.com/images/search?q=Hankook%20RA-%2008%20tire%20product%20photo","https://duckduckgo.com/?iax=images&ia=images&q=Hankook%20RA-%2008%20tire%20product%20photo","","",""
"hankook-ra33-oferta","Hankook","RA33 OFERTA","1","225/60R17 RA33 HANKOOK OFERTA","HA0003","37cd9bac-0644-4869-8c20-b1960163120e","Hankook RA33 OFERTA tire product photo","https://www.google.com/search?tbm=isch&q=Hankook%20RA33%20OFERTA%20tire%20product%20photo","https://www.bing.com/images/search?q=Hankook%20RA33%20OFERTA%20tire%20product%20photo","https://duckduckgo.com/?iax=images&ia=images&q=Hankook%20RA33%20OFERTA%20tire%20product%20photo","","",""
"kumho-carga-khumo","Kumho","CARGA KHUMO","1","500R12 CARGA KHUMO 10T","KU0005","a33bf49e-720e-43c5-99c6-13613b888a0b","Kumho CARGA KHUMO tire product photo","https://www.google.com/search?tbm=isch&q=Kumho%20CARGA%20KHUMO%20tire%20product%20photo","https://www.bing.com/images/search?q=Kumho%20CARGA%20KHUMO%20tire%20product%20photo","https://duckduckgo.com/?iax=images&ia=images&q=Kumho%20CARGA%20KHUMO%20tire%20product%20photo","","",""
"kumho-kc52-khumo","Kumho","KC52 KHUMO","1","155R12 KC52 KHUMO","KU0002","0624df0f-ab7b-420d-a02b-4f784140d678","Kumho KC52 KHUMO tire product photo","https://www.google.com/search?tbm=isch&q=Kumho%20KC52%20KHUMO%20tire%20product%20photo","https://www.bing.com/images/search?q=Kumho%20KC52%20KHUMO%20tire%20product%20photo","https://duckduckgo.com/?iax=images&ia=images&q=Kumho%20KC52%20KHUMO%20tire%20product%20photo","","",""
"kumho-kr26-khumo-no-son-de-carga","Kumho","KR26 KHUMO (NO SON DE CARGA)","1","225/65R16 KR26 KHUMO (NO SON DE CARGA)","KU0009","b56c0fea-49c6-4a82-87c0-360d2670f6ad","Kumho KR26 KHUMO (NO SON DE CARGA) tire product photo","https://www.google.com/search?tbm=isch&q=Kumho%20KR26%20KHUMO%20(NO%20SON%20DE%20CARGA)%20tire%20product%20photo","https://www.bing.com/images/search?q=Kumho%20KR26%20KHUMO%20(NO%20SON%20DE%20CARGA)%20tire%20product%20photo","https://duckduckgo.com/?iax=images&ia=images&q=Kumho%20KR26%20KHUMO%20(NO%20SON%20DE%20CARGA)%20tire%20product%20photo","","",""
"lanvigator-confort-ii","Lanvigator","CONFORT II","1","185/60R15 LANVIGATOR CONFORT II 84H","NE375636","37aef38f-5e9c-4a19-b5bd-2b52486f0967","Lanvigator CONFORT II tire product photo","https://www.google.com/search?tbm=isch&q=Lanvigator%20CONFORT%20II%20tire%20product%20photo","https://www.bing.com/images/search?q=Lanvigator%20CONFORT%20II%20tire%20product%20photo","https://duckduckgo.com/?iax=images&ia=images&q=Lanvigator%20CONFORT%20II%20tire%20product%20photo","","",""
"lanvigator-confort-ii-m-s","Lanvigator","CONFORT II M+S","1","205/55R16 LANVIGATOR CONFORT II M+S 91V","NE375710","215a0fc6-d431-45db-b4bd-112aebe41ceb","Lanvigator CONFORT II M+S tire product photo","https://www.google.com/search?tbm=isch&q=Lanvigator%20CONFORT%20II%20M%2BS%20tire%20product%20photo","https://www.bing.com/images/search?q=Lanvigator%20CONFORT%20II%20M%2BS%20tire%20product%20photo","https://duckduckgo.com/?iax=images&ia=images&q=Lanvigator%20CONFORT%20II%20M%2BS%20tire%20product%20photo","","",""
"michelin-energy-xm2","Michelin","ENERGY XM2+","2","185/65R15 88H ENERGY XM2+","MI0001","47bad55e-a6bf-415d-ab63-15bd9c0a71ca|181f7d68-b77f-4074-aca0-29121c009c24","Michelin ENERGY XM2+ tire product photo","https://www.google.com/search?tbm=isch&q=Michelin%20ENERGY%20XM2%2B%20tire%20product%20photo","https://www.bing.com/images/search?q=Michelin%20ENERGY%20XM2%2B%20tire%20product%20photo","https://duckduckgo.com/?iax=images&ia=images&q=Michelin%20ENERGY%20XM2%2B%20tire%20product%20photo","","",""
"michelin-extra-load-primacy-4-oferta","Michelin","EXTRA LOAD PRIMACY 4 Oferta","1","215/60R16 99V EXTRA LOAD PRIMACY 4 Oferta","MI0009PROMO","7f730b08-27f6-45b8-b3f0-3d7a069d6603","Michelin EXTRA LOAD PRIMACY 4 Oferta tire product photo","https://www.google.com/search?tbm=isch&q=Michelin%20EXTRA%20LOAD%20PRIMACY%204%20Oferta%20tire%20product%20photo","https://www.bing.com/images/search?q=Michelin%20EXTRA%20LOAD%20PRIMACY%204%20Oferta%20tire%20product%20photo","https://duckduckgo.com/?iax=images&ia=images&q=Michelin%20EXTRA%20LOAD%20PRIMACY%204%20Oferta%20tire%20product%20photo","","",""
"michelin-ltx-force","Michelin","LTX FORCE","2","225/65R17 106H LTX FORCE","MI0011","c8c4c62c-b68a-4fb6-b4f9-5a2885d52ca4|c1595c06-1f5e-44f2-8c9b-6bc7da345f68","Michelin LTX FORCE tire product photo","https://www.google.com/search?tbm=isch&q=Michelin%20LTX%20FORCE%20tire%20product%20photo","https://www.bing.com/images/search?q=Michelin%20LTX%20FORCE%20tire%20product%20photo","https://duckduckgo.com/?iax=images&ia=images&q=Michelin%20LTX%20FORCE%20tire%20product%20photo","","",""
"michelin-ltx-force-tl","Michelin","LTX FORCE TL","1","245/65R17 111T LTX FORCE TL","MI0013","f8f83bb6-bedd-4513-8971-17adc7a79cfa","Michelin LTX FORCE TL tire product photo","https://www.google.com/search?tbm=isch&q=Michelin%20LTX%20FORCE%20TL%20tire%20product%20photo","https://www.bing.com/images/search?q=Michelin%20LTX%20FORCE%20TL%20tire%20product%20photo","https://duckduckgo.com/?iax=images&ia=images&q=Michelin%20LTX%20FORCE%20TL%20tire%20product%20photo","","",""
"michelin-ltx-force-xl","Michelin","LTX FORCE XL","1","215/65R16 102H LTX FORCE XL","MI0027","7d3b6400-6c28-4976-ba6e-0a32dac145c1","Michelin LTX FORCE XL tire product photo","https://www.google.com/search?tbm=isch&q=Michelin%20LTX%20FORCE%20XL%20tire%20product%20photo","https://www.bing.com/images/search?q=Michelin%20LTX%20FORCE%20XL%20tire%20product%20photo","https://duckduckgo.com/?iax=images&ia=images&q=Michelin%20LTX%20FORCE%20XL%20tire%20product%20photo","","",""
"michelin-ltx-trail-st-mi","Michelin","LTX-TRAIL ST MI","1","265/60R18 114H LTX-TRAIL ST MI","MI0031","3318b32a-07b3-4ebc-ba8b-1acce621ece7","Michelin LTX-TRAIL ST MI tire product photo","https://www.google.com/search?tbm=isch&q=Michelin%20LTX-TRAIL%20ST%20MI%20tire%20product%20photo","https://www.bing.com/images/search?q=Michelin%20LTX-TRAIL%20ST%20MI%20tire%20product%20photo","https://duckduckgo.com/?iax=images&ia=images&q=Michelin%20LTX-TRAIL%20ST%20MI%20tire%20product%20photo","","",""
"michelin-primacy-4","Michelin","PRIMACY 4","3","185/60R15 88H PRIMACY 4","MI0000","062cb206-b7d6-42cd-b7d7-c06675565567|8b18bd9e-1ce0-4ce6-befe-5aae06693c63|27fa0722-e09c-42b7-959d-c34403f2d738","Michelin PRIMACY 4 tire product photo","https://www.google.com/search?tbm=isch&q=Michelin%20PRIMACY%204%20tire%20product%20photo","https://www.bing.com/images/search?q=Michelin%20PRIMACY%204%20tire%20product%20photo","https://duckduckgo.com/?iax=images&ia=images&q=Michelin%20PRIMACY%204%20tire%20product%20photo","","",""
"michelin-primacy-4-oferta","Michelin","PRIMACY 4 OFERTA","1","225/50R17 98V PRIMACY 4 OFERTA","MI0036","f471853f-4fbd-4b9b-8ac2-399905f2a6ac","Michelin PRIMACY 4 OFERTA tire product photo","https://www.google.com/search?tbm=isch&q=Michelin%20PRIMACY%204%20OFERTA%20tire%20product%20photo","https://www.bing.com/images/search?q=Michelin%20PRIMACY%204%20OFERTA%20tire%20product%20photo","https://duckduckgo.com/?iax=images&ia=images&q=Michelin%20PRIMACY%204%20OFERTA%20tire%20product%20photo","","",""
"michelin-primacy-suv","Michelin","PRIMACY SUV +","1","265/60R18 110H PRIMACY SUV +","MI0025","546983a6-f422-4124-92bb-aac96a1b2563","Michelin PRIMACY SUV + tire product photo","https://www.google.com/search?tbm=isch&q=Michelin%20PRIMACY%20SUV%20%2B%20tire%20product%20photo","https://www.bing.com/images/search?q=Michelin%20PRIMACY%20SUV%20%2B%20tire%20product%20photo","https://duckduckgo.com/?iax=images&ia=images&q=Michelin%20PRIMACY%20SUV%20%2B%20tire%20product%20photo","","",""
"michelin-primacy-suv-tl","Michelin","PRIMACY SUV TL","1","255/60R18 112H PRIMACY SUV TL","MI0016","251cf499-8b2c-4552-87dc-4c12220814fa","Michelin PRIMACY SUV TL tire product photo","https://www.google.com/search?tbm=isch&q=Michelin%20PRIMACY%20SUV%20TL%20tire%20product%20photo","https://www.bing.com/images/search?q=Michelin%20PRIMACY%20SUV%20TL%20tire%20product%20photo","https://duckduckgo.com/?iax=images&ia=images&q=Michelin%20PRIMACY%20SUV%20TL%20tire%20product%20photo","","",""
"michelin-tl-ltx-trail-st-mi","Michelin","TL LTX TRAIL ST MI","1","265/65R17 112H TL LTX TRAIL ST MI","MI0014","e69201c1-2594-45e2-8197-d8d055bab8ef","Michelin TL LTX TRAIL ST MI tire product photo","https://www.google.com/search?tbm=isch&q=Michelin%20TL%20LTX%20TRAIL%20ST%20MI%20tire%20product%20photo","https://www.bing.com/images/search?q=Michelin%20TL%20LTX%20TRAIL%20ST%20MI%20tire%20product%20photo","https://duckduckgo.com/?iax=images&ia=images&q=Michelin%20TL%20LTX%20TRAIL%20ST%20MI%20tire%20product%20photo","","",""
"michelin-tl-primacy-4","Michelin","TL PRIMACY 4 +","1","205/55R16 91V TL PRIMACY 4 +","MI0006","c8cbf11a-afdb-4985-9e68-c1e51941534d","Michelin TL PRIMACY 4 + tire product photo","https://www.google.com/search?tbm=isch&q=Michelin%20TL%20PRIMACY%204%20%2B%20tire%20product%20photo","https://www.bing.com/images/search?q=Michelin%20TL%20PRIMACY%204%20%2B%20tire%20product%20photo","https://duckduckgo.com/?iax=images&ia=images&q=Michelin%20TL%20PRIMACY%204%20%2B%20tire%20product%20photo","","",""
"michelin-tl-primacy-4-ano-22","Michelin","TL PRIMACY 4 + AÑO 22","1","205/55R16 91V TL PRIMACY 4 + AÑO 22","MI0030","2f14d095-3653-44cf-8f4d-1c31a61a152a","Michelin TL PRIMACY 4 + AÑO 22 tire product photo","https://www.google.com/search?tbm=isch&q=Michelin%20TL%20PRIMACY%204%20%2B%20A%C3%91O%2022%20tire%20product%20photo","https://www.bing.com/images/search?q=Michelin%20TL%20PRIMACY%204%20%2B%20A%C3%91O%2022%20tire%20product%20photo","https://duckduckgo.com/?iax=images&ia=images&q=Michelin%20TL%20PRIMACY%204%20%2B%20A%C3%91O%2022%20tire%20product%20photo","","",""
"michelin-xl-tl-ltx-force","Michelin","XL TL LTX FORCE","1","255/55R19 111H XL TL LTX FORCE","MI0028","a4d8eeec-5aa6-49aa-bdd0-164ab7aac3e2","Michelin XL TL LTX FORCE tire product photo","https://www.google.com/search?tbm=isch&q=Michelin%20XL%20TL%20LTX%20FORCE%20tire%20product%20photo","https://www.bing.com/images/search?q=Michelin%20XL%20TL%20LTX%20FORCE%20tire%20product%20photo","https://duckduckgo.com/?iax=images&ia=images&q=Michelin%20XL%20TL%20LTX%20FORCE%20tire%20product%20photo","","",""
"michelin-xl-tl-primacy-suv","Michelin","XL TL PRIMACY SUV+","1","255/55R19 111V XL TL PRIMACY SUV+","MI0029","0c3ab5a2-ea18-421a-9a58-f7e4088fc496","Michelin XL TL PRIMACY SUV+ tire product photo","https://www.google.com/search?tbm=isch&q=Michelin%20XL%20TL%20PRIMACY%20SUV%2B%20tire%20product%20photo","https://www.bing.com/images/search?q=Michelin%20XL%20TL%20PRIMACY%20SUV%2B%20tire%20product%20photo","https://duckduckgo.com/?iax=images&ia=images&q=Michelin%20XL%20TL%20PRIMACY%20SUV%2B%20tire%20product%20photo","","",""
"otras-114-tl-all-terrain-ko3","Otras","114/ TL ALL-TERRAIN KO3","1","265/60R18 114/110S TL ALL-TERRAIN KO3","BF0022","09edd6b6-83da-405c-92ff-0090df79f032","Otras 114/ TL ALL-TERRAIN KO3 tire product photo","https://www.google.com/search?tbm=isch&q=Otras%20114%2F%20TL%20ALL-TERRAIN%20KO3%20tire%20product%20photo","https://www.bing.com/images/search?q=Otras%20114%2F%20TL%20ALL-TERRAIN%20KO3%20tire%20product%20photo","https://duckduckgo.com/?iax=images&ia=images&q=Otras%20114%2F%20TL%20ALL-TERRAIN%20KO3%20tire%20product%20photo","","",""
"otras-117-rs23-practicalmax-a-t","Otras","117/ RS23 PRACTICALMAX A/T","1","245/65R17 117/114R RS23 PRACTICALMAX A/T","HA001","64b44327-aa91-45f3-9392-39448a60a601","Otras 117/ RS23 PRACTICALMAX A/T tire product photo","https://www.google.com/search?tbm=isch&q=Otras%20117%2F%20RS23%20PRACTICALMAX%20A%2FT%20tire%20product%20photo","https://www.bing.com/images/search?q=Otras%20117%2F%20RS23%20PRACTICALMAX%20A%2FT%20tire%20product%20photo","https://duckduckgo.com/?iax=images&ia=images&q=Otras%20117%2F%20RS23%20PRACTICALMAX%20A%2FT%20tire%20product%20photo","","",""
"otras-4-10-3-50-6-k-352-kenda","Otras","4.10/3.50-6 K-352 KENDA","1","4.10/3.50-6 K-352 KENDA","KE0001","8dd564a3-e8fd-4abf-95a5-2219fb74f37f","Otras 4.10/3.50-6 K-352 KENDA tire product photo","https://www.google.com/search?tbm=isch&q=Otras%204.10%2F3.50-6%20K-352%20KENDA%20tire%20product%20photo","https://www.bing.com/images/search?q=Otras%204.10%2F3.50-6%20K-352%20KENDA%20tire%20product%20photo","https://duckduckgo.com/?iax=images&ia=images&q=Otras%204.10%2F3.50-6%20K-352%20KENDA%20tire%20product%20photo","","",""
"otras-600-9-lift-ex-f300-ind-gri-mula","Otras","600-9 LIFT EX F300 IND GRI MULA","1","600-9 LIFT EX F300 IND 12T GRI MULA","GRI001","96892bd6-d9fb-485e-a69e-aa157b52b4c5","Otras 600-9 LIFT EX F300 IND GRI MULA tire product photo","https://www.google.com/search?tbm=isch&q=Otras%20600-9%20LIFT%20EX%20F300%20IND%20GRI%20MULA%20tire%20product%20photo","https://www.bing.com/images/search?q=Otras%20600-9%20LIFT%20EX%20F300%20IND%20GRI%20MULA%20tire%20product%20photo","https://duckduckgo.com/?iax=images&ia=images&q=Otras%20600-9%20LIFT%20EX%20F300%20IND%20GRI%20MULA%20tire%20product%20photo","","",""
"otras-700-12-lift-ex-f300-ind-gri-mula","Otras","700-12 LIFT EX F300 IND GRI MULA","1","700-12 LIFT EX F300 IND 14T GRI MULA","GRI002","e79aa832-dad9-422f-8438-874b84c91db8","Otras 700-12 LIFT EX F300 IND GRI MULA tire product photo","https://www.google.com/search?tbm=isch&q=Otras%20700-12%20LIFT%20EX%20F300%20IND%20GRI%20MULA%20tire%20product%20photo","https://www.bing.com/images/search?q=Otras%20700-12%20LIFT%20EX%20F300%20IND%20GRI%20MULA%20tire%20product%20photo","https://duckduckgo.com/?iax=images&ia=images&q=Otras%20700-12%20LIFT%20EX%20F300%20IND%20GRI%20MULA%20tire%20product%20photo","","",""
"otras-750x16-bandag","Otras","750X16 BANDAG","1","750X16 BANDAG","BA0001","74b64440-3880-4761-b9a5-57a162f609c5","Otras 750X16 BANDAG tire product photo","https://www.google.com/search?tbm=isch&q=Otras%20750X16%20BANDAG%20tire%20product%20photo","https://www.bing.com/images/search?q=Otras%20750X16%20BANDAG%20tire%20product%20photo","https://duckduckgo.com/?iax=images&ia=images&q=Otras%20750X16%20BANDAG%20tire%20product%20photo","","",""
"otras-750x16-road-ex-ii-gri","Otras","750X16 ROAD EX-II GRI","1","750X16 ROAD EX-II 16T GRI","GRI003","3cc25fb5-6d6f-4bcf-b7ba-941fb7608082","Otras 750X16 ROAD EX-II GRI tire product photo","https://www.google.com/search?tbm=isch&q=Otras%20750X16%20ROAD%20EX-II%20GRI%20tire%20product%20photo","https://www.bing.com/images/search?q=Otras%20750X16%20ROAD%20EX-II%20GRI%20tire%20product%20photo","https://duckduckgo.com/?iax=images&ia=images&q=Otras%20750X16%20ROAD%20EX-II%20GRI%20tire%20product%20photo","","",""
"otras-advturo-at3-wl","Otras","ADVTURO AT3 WL","1","ADVTURO AT3 WL 235/75R15 105S","SJ22241084","1fecebee-f120-43dc-9ded-1a6de1cec9ca","Otras ADVTURO AT3 WL tire product photo","https://www.google.com/search?tbm=isch&q=Otras%20ADVTURO%20AT3%20WL%20tire%20product%20photo","https://www.bing.com/images/search?q=Otras%20ADVTURO%20AT3%20WL%20tire%20product%20photo","https://duckduckgo.com/?iax=images&ia=images&q=Otras%20ADVTURO%20AT3%20WL%20tire%20product%20photo","","",""
"otras-al-terrain-t-a-ko3","Otras","AL TERRAIN T/A KO3","1","265/65R17 116S AL TERRAIN T/A KO3","BF0015","48efd2ee-3f56-48d3-b0b2-067bc012c3cd","Otras AL TERRAIN T/A KO3 tire product photo","https://www.google.com/search?tbm=isch&q=Otras%20AL%20TERRAIN%20T%2FA%20KO3%20tire%20product%20photo","https://www.bing.com/images/search?q=Otras%20AL%20TERRAIN%20T%2FA%20KO3%20tire%20product%20photo","https://duckduckgo.com/?iax=images&ia=images&q=Otras%20AL%20TERRAIN%20T%2FA%20KO3%20tire%20product%20photo","","",""
"otras-at-t-a-ko3","Otras","AT T/A KO3","1","275/55R20 115S AT T/A KO3","BF0024","215731bf-bd20-4016-8e68-0589f3296489","Otras AT T/A KO3 tire product photo","https://www.google.com/search?tbm=isch&q=Otras%20AT%20T%2FA%20KO3%20tire%20product%20photo","https://www.bing.com/images/search?q=Otras%20AT%20T%2FA%20KO3%20tire%20product%20photo","https://duckduckgo.com/?iax=images&ia=images&q=Otras%20AT%20T%2FA%20KO3%20tire%20product%20photo","","",""
"otras-cargo-marathon-2-205-75r16c","Otras","CARGO MARATHON 2 205/75R16C","1","CARGO MARATHON 2 205/75R16C","GOOD109641","f3970c5f-0190-45f1-843c-5cb4b06089d3","Otras CARGO MARATHON 2 205/75R16C tire product photo","https://www.google.com/search?tbm=isch&q=Otras%20CARGO%20MARATHON%202%20205%2F75R16C%20tire%20product%20photo","https://www.bing.com/images/search?q=Otras%20CARGO%20MARATHON%202%20205%2F75R16C%20tire%20product%20photo","https://duckduckgo.com/?iax=images&ia=images&q=Otras%20CARGO%20MARATHON%202%20205%2F75R16C%20tire%20product%20photo","","",""
"otras-china","Otras","CHINA","1","700/15 CHINA","00001101090","0acfb80d-f3e5-4a19-bfed-e39c4c6d2aeb","Otras CHINA tire product photo","https://www.google.com/search?tbm=isch&q=Otras%20CHINA%20tire%20product%20photo","https://www.bing.com/images/search?q=Otras%20CHINA%20tire%20product%20photo","https://duckduckgo.com/?iax=images&ia=images&q=Otras%20CHINA%20tire%20product%20photo","","",""
"otras-crosscontact-original-amarok-25","Otras","CROSSCONTACT ORIGINAL AMAROK 25","1","255/60R18 112T CROSSCONTACT ORIGINAL AMAROK 25","CO002","63489995-3c86-4c01-9a01-a316a8488d78","Otras CROSSCONTACT ORIGINAL AMAROK 25 tire product photo","https://www.google.com/search?tbm=isch&q=Otras%20CROSSCONTACT%20ORIGINAL%20AMAROK%2025%20tire%20product%20photo","https://www.bing.com/images/search?q=Otras%20CROSSCONTACT%20ORIGINAL%20AMAROK%2025%20tire%20product%20photo","https://duckduckgo.com/?iax=images&ia=images&q=Otras%20CROSSCONTACT%20ORIGINAL%20AMAROK%2025%20tire%20product%20photo","","",""
"otras-fe2","Otras","FE2","3","FE2 185/65R15 88H","SJ20540562","a98835d4-714a-4107-920a-51f718429632|36aaf2b7-befc-4f8f-bdfc-7f1880806b6e|e5d2771c-1d05-4abd-9fc6-eb5f72a9776a","Otras FE2 tire product photo","https://www.google.com/search?tbm=isch&q=Otras%20FE2%20tire%20product%20photo","https://www.bing.com/images/search?q=Otras%20FE2%20tire%20product%20photo","https://duckduckgo.com/?iax=images&ia=images&q=Otras%20FE2%20tire%20product%20photo","","",""
"otras-fe2-suv","Otras","FE2 (SUV)","4","FE2 (SUV) 225/50R18 99W","SJ22870939","a9767ea2-b06e-494c-b29d-e33a7850b3a8|a7f5676b-7e22-44f6-9db4-3f16124a8567|2088aa3e-0ee7-4346-867b-7f4b1118d96d|b989ce19-f078-4f2e-b0ae-070a3df82b58","Otras FE2 (SUV) tire product photo","https://www.google.com/search?tbm=isch&q=Otras%20FE2%20(SUV)%20tire%20product%20photo","https://www.bing.com/images/search?q=Otras%20FE2%20(SUV)%20tire%20product%20photo","https://duckduckgo.com/?iax=images&ia=images&q=Otras%20FE2%20(SUV)%20tire%20product%20photo","","",""
"otras-fm518-firemax-oferta","Otras","FM518 FIREMAX OFERTA","1","215/55R18 FM518 FIREMAX OFERTA","FM0005","4efef013-2316-4f8c-9318-47498078d986","Otras FM518 FIREMAX OFERTA tire product photo","https://www.google.com/search?tbm=isch&q=Otras%20FM518%20FIREMAX%20OFERTA%20tire%20product%20photo","https://www.bing.com/images/search?q=Otras%20FM518%20FIREMAX%20OFERTA%20tire%20product%20photo","https://duckduckgo.com/?iax=images&ia=images&q=Otras%20FM518%20FIREMAX%20OFERTA%20tire%20product%20photo","","",""
"otras-ht684ii-brdgestone-promo-21","Otras","HT684II BRDGESTONE PROMO 21","1","CUB.255/70R16 HT684II 111H BRDGESTONE PROMO 21","BR17586001PROMO","171dbc76-e180-4b2b-9fee-fcf857864fac","Otras HT684II BRDGESTONE PROMO 21 tire product photo","https://www.google.com/search?tbm=isch&q=Otras%20HT684II%20BRDGESTONE%20PROMO%2021%20tire%20product%20photo","https://www.bing.com/images/search?q=Otras%20HT684II%20BRDGESTONE%20PROMO%2021%20tire%20product%20photo","https://duckduckgo.com/?iax=images&ia=images&q=Otras%20HT684II%20BRDGESTONE%20PROMO%2021%20tire%20product%20photo","","",""
"otras-r655-linglong","Otras","R655 LINGLONG","1","500R12 R655 LINGLONG","LI0001","602a8470-357b-4eb6-8855-826816237314","Otras R655 LINGLONG tire product photo","https://www.google.com/search?tbm=isch&q=Otras%20R655%20LINGLONG%20tire%20product%20photo","https://www.bing.com/images/search?q=Otras%20R655%20LINGLONG%20tire%20product%20photo","https://duckduckgo.com/?iax=images&ia=images&q=Otras%20R655%20LINGLONG%20tire%20product%20photo","","",""
"otras-rs01-carga-habilead","Otras","RS01 (CARGA) HABILEAD","1","205/70R15 106T RS01 (CARGA) HABILEAD","HA008","d0cdb871-0843-4c6e-8418-7508c1f9de09","Otras RS01 (CARGA) HABILEAD tire product photo","https://www.google.com/search?tbm=isch&q=Otras%20RS01%20(CARGA)%20HABILEAD%20tire%20product%20photo","https://www.bing.com/images/search?q=Otras%20RS01%20(CARGA)%20HABILEAD%20tire%20product%20photo","https://duckduckgo.com/?iax=images&ia=images&q=Otras%20RS01%20(CARGA)%20HABILEAD%20tire%20product%20photo","","",""
"otras-sumaxx-at","Otras","SUMAXX AT","1","245/70R16 111H SUMAXX AT","SUM0001","86afed76-6647-4e26-a2ff-7848cd8357d2","Otras SUMAXX AT tire product photo","https://www.google.com/search?tbm=isch&q=Otras%20SUMAXX%20AT%20tire%20product%20photo","https://www.bing.com/images/search?q=Otras%20SUMAXX%20AT%20tire%20product%20photo","https://duckduckgo.com/?iax=images&ia=images&q=Otras%20SUMAXX%20AT%20tire%20product%20photo","","",""
"otras-sunny-np226","Otras","SUNNY NP226","1","SUNNY 205/65R15 94V NP226","SU00001","780c96ca-aefb-485b-b0cf-3263d9d7cfd2","Otras SUNNY NP226 tire product photo","https://www.google.com/search?tbm=isch&q=Otras%20SUNNY%20NP226%20tire%20product%20photo","https://www.bing.com/images/search?q=Otras%20SUNNY%20NP226%20tire%20product%20photo","https://duckduckgo.com/?iax=images&ia=images&q=Otras%20SUNNY%20NP226%20tire%20product%20photo","","",""
"otras-t-citytrip-pro-c6","Otras","T- CITYTRIP PRO C6","2","T-175/65R14 CITYTRIP PRO C6 82T","NE1010200007092","3bf42d93-30c1-4b10-ada9-18925f06d92e|4e619011-a002-4e7d-8901-9f07b6eb3d91","Otras T- CITYTRIP PRO C6 tire product photo","https://www.google.com/search?tbm=isch&q=Otras%20T-%20CITYTRIP%20PRO%20C6%20tire%20product%20photo","https://www.bing.com/images/search?q=Otras%20T-%20CITYTRIP%20PRO%20C6%20tire%20product%20photo","https://duckduckgo.com/?iax=images&ia=images&q=Otras%20T-%20CITYTRIP%20PRO%20C6%20tire%20product%20photo","","",""
"otras-t-wzr505","Otras","T- WZR505","2","T-265/65R17 WZR505 112T","NE1010200007073","3f1ea5b7-ee64-4a67-ab30-ff01a667674c|f80a67a9-3132-463c-b483-36c50e3854e0","Otras T- WZR505 tire product photo","https://www.google.com/search?tbm=isch&q=Otras%20T-%20WZR505%20tire%20product%20photo","https://www.bing.com/images/search?q=Otras%20T-%20WZR505%20tire%20product%20photo","https://duckduckgo.com/?iax=images&ia=images&q=Otras%20T-%20WZR505%20tire%20product%20photo","","",""
"otras-trail-terrain-t-a","Otras","TRAIL TERRAIN T/A","1","265/65R17 112T TRAIL TERRAIN T/A","BF0014","3c4a7a0b-1d86-489b-a20f-d36a220203c0","Otras TRAIL TERRAIN T/A tire product photo","https://www.google.com/search?tbm=isch&q=Otras%20TRAIL%20TERRAIN%20T%2FA%20tire%20product%20photo","https://www.bing.com/images/search?q=Otras%20TRAIL%20TERRAIN%20T%2FA%20tire%20product%20photo","https://duckduckgo.com/?iax=images&ia=images&q=Otras%20TRAIL%20TERRAIN%20T%2FA%20tire%20product%20photo","","",""
"otras-trail-terrain-ta","Otras","TRAIL-TERRAIN TA","1","245/65R17 111T TRAIL-TERRAIN TA","BF0028","a2e12d1b-3ec0-43fc-a7db-4765afb9163d","Otras TRAIL-TERRAIN TA tire product photo","https://www.google.com/search?tbm=isch&q=Otras%20TRAIL-TERRAIN%20TA%20tire%20product%20photo","https://www.bing.com/images/search?q=Otras%20TRAIL-TERRAIN%20TA%20tire%20product%20photo","https://duckduckgo.com/?iax=images&ia=images&q=Otras%20TRAIL-TERRAIN%20TA%20tire%20product%20photo","","",""
"otras-widforce-catchfors-h-p","Otras","WIDFORCE CATCHFORS H/P","1","185/70R14 WIDFORCE CATCHFORS H/P 88H","NE384372","b64fdc4e-0124-43de-a2b6-a25baa08ff5c","Otras WIDFORCE CATCHFORS H/P tire product photo","https://www.google.com/search?tbm=isch&q=Otras%20WIDFORCE%20CATCHFORS%20H%2FP%20tire%20product%20photo","https://www.bing.com/images/search?q=Otras%20WIDFORCE%20CATCHFORS%20H%2FP%20tire%20product%20photo","https://duckduckgo.com/?iax=images&ia=images&q=Otras%20WIDFORCE%20CATCHFORS%20H%2FP%20tire%20product%20photo","","",""
"otras-wrl-territory","Otras","WRL TERRITORY","1","WRL TERRITORY 215/55R18 95V","GOOD110313","408110aa-5a40-4507-87e2-e329c9c6a815","Otras WRL TERRITORY tire product photo","https://www.google.com/search?tbm=isch&q=Otras%20WRL%20TERRITORY%20tire%20product%20photo","https://www.bing.com/images/search?q=Otras%20WRL%20TERRITORY%20tire%20product%20photo","https://duckduckgo.com/?iax=images&ia=images&q=Otras%20WRL%20TERRITORY%20tire%20product%20photo","","",""
"otras-wrl-workhorse","Otras","WRL. WORKHORSE","7","WRL. WORKHORSE 215/65R16 120H","GOOD111443","fdf40609-f1d7-479d-9426-f07657c229f6|463bc896-8990-4fc2-b9f6-71d0f92d32ad|a79851df-1544-4f9f-aca9-30b2a5a033d0|93d23f2d-35c2-45ac-9339-6e33f2bfcb9b|c75f9926-7609-4ddb-abcb-091298c73392|ce8265db-be6a-4f8b-b5a1-6bd6095774cd|960c6f5e-67eb-416d-b8fc-a02d54bd0a2b","Otras WRL. WORKHORSE tire product photo","https://www.google.com/search?tbm=isch&q=Otras%20WRL.%20WORKHORSE%20tire%20product%20photo","https://www.bing.com/images/search?q=Otras%20WRL.%20WORKHORSE%20tire%20product%20photo","https://duckduckgo.com/?iax=images&ia=images&q=Otras%20WRL.%20WORKHORSE%20tire%20product%20photo","","",""
"otras-wrl-workhorse-205r16c-110-solo-2","Otras","WRL. WORKHORSE 205R16C 110 SOLO 2","1","WRL. WORKHORSE 205R16C 110 SOLO 2","GOOD111383PROMO","f2cd9ea4-e6fb-498f-9e47-38aa25871599","Otras WRL. WORKHORSE 205R16C 110 SOLO 2 tire product photo","https://www.google.com/search?tbm=isch&q=Otras%20WRL.%20WORKHORSE%20205R16C%20110%20SOLO%202%20tire%20product%20photo","https://www.bing.com/images/search?q=Otras%20WRL.%20WORKHORSE%20205R16C%20110%20SOLO%202%20tire%20product%20photo","https://duckduckgo.com/?iax=images&ia=images&q=Otras%20WRL.%20WORKHORSE%20205R16C%20110%20SOLO%202%20tire%20product%20photo","","",""
"pirelli-p1-cint","Pirelli","P1 CINT","1","215/55R17 94V P1 CINT PIRELLI","XL0030","51a43a84-b429-4ecf-909b-a9fb54384b56","Pirelli P1 CINT tire product photo","https://www.google.com/search?tbm=isch&q=Pirelli%20P1%20CINT%20tire%20product%20photo","https://www.bing.com/images/search?q=Pirelli%20P1%20CINT%20tire%20product%20photo","https://duckduckgo.com/?iax=images&ia=images&q=Pirelli%20P1%20CINT%20tire%20product%20photo","","",""
"pirelli-s-a-t","Pirelli","S-A/T+","1","245/70R16 111T S-A/T+ PIRELLI","XL0024","f0d52a7f-c0de-476f-b63e-cd3951c97cf2","Pirelli S-A/T+ tire product photo","https://www.google.com/search?tbm=isch&q=Pirelli%20S-A%2FT%2B%20tire%20product%20photo","https://www.bing.com/images/search?q=Pirelli%20S-A%2FT%2B%20tire%20product%20photo","https://duckduckgo.com/?iax=images&ia=images&q=Pirelli%20S-A%2FT%2B%20tire%20product%20photo","","",""
"pirelli-s-atr","Pirelli","S-ATR","1","265/60R18 110T S-ATR PIRELLI","XL0038","97ca590f-51f2-4804-a929-63f9d4fe2833","Pirelli S-ATR tire product photo","https://www.google.com/search?tbm=isch&q=Pirelli%20S-ATR%20tire%20product%20photo","https://www.bing.com/images/search?q=Pirelli%20S-ATR%20tire%20product%20photo","https://duckduckgo.com/?iax=images&ia=images&q=Pirelli%20S-ATR%20tire%20product%20photo","","",""
"pirelli-s-ht","Pirelli","S.HT","3","235/75R15 110T S.HT PIRELLI","XL0016","4d10c5fd-dca7-4d71-91b5-8205c993defb|1cff0f79-6e80-4555-a449-d02cbab0f02c|f427c6b5-18c5-4014-8a2d-3e77d702936a","Pirelli S.HT tire product photo","https://www.google.com/search?tbm=isch&q=Pirelli%20S.HT%20tire%20product%20photo","https://www.bing.com/images/search?q=Pirelli%20S.HT%20tire%20product%20photo","https://duckduckgo.com/?iax=images&ia=images&q=Pirelli%20S.HT%20tire%20product%20photo","","",""
"pirelli-xl-s-atr","Pirelli","XL S-ATR","1","255/60R18 112T XL S-ATR PIRELLI","XL0037","540f9d4e-d76f-4783-ba58-651c8f73383b","Pirelli XL S-ATR tire product photo","https://www.google.com/search?tbm=isch&q=Pirelli%20XL%20S-ATR%20tire%20product%20photo","https://www.bing.com/images/search?q=Pirelli%20XL%20S-ATR%20tire%20product%20photo","https://duckduckgo.com/?iax=images&ia=images&q=Pirelli%20XL%20S-ATR%20tire%20product%20photo","","",""
"pirelli-xl-s-atr-oferta","Pirelli","XL S-ATR OFERTA","1","245/65R17 111T XL S-ATR PIRELLI OFERTA","XL0033","293b7dd5-817b-4444-ba94-d494d34382e4","Pirelli XL S-ATR OFERTA tire product photo","https://www.google.com/search?tbm=isch&q=Pirelli%20XL%20S-ATR%20OFERTA%20tire%20product%20photo","https://www.bing.com/images/search?q=Pirelli%20XL%20S-ATR%20OFERTA%20tire%20product%20photo","https://duckduckgo.com/?iax=images&ia=images&q=Pirelli%20XL%20S-ATR%20OFERTA%20tire%20product%20photo","","",""
"wanli-sa302","Wanli","SA302","8","WANLI SA302 195/55R16 87V","SJ11050644","4eba1805-ea98-4501-b2ce-5ca2a2f94114|06169e2c-fc4c-41df-b8c9-76105eec5904|744e778e-a512-41e4-9a4c-80683972481f|217f4d5a-45be-4d16-8209-8841ba820a08|e35baff1-fb7a-4161-b585-38dff6ea641e|ae52516d-da0a-42d3-97e1-cc4c3d9ef94e|afa08d9c-ff57-4862-8e38-9a711630c596|4119467d-e202-4715-a68b-2e25bd275c47","Wanli SA302 tire product photo","https://www.google.com/search?tbm=isch&q=Wanli%20SA302%20tire%20product%20photo","https://www.bing.com/images/search?q=Wanli%20SA302%20tire%20product%20photo","https://duckduckgo.com/?iax=images&ia=images&q=Wanli%20SA302%20tire%20product%20photo","","",""
"wanli-sa302-oferta","Wanli","SA302 OFERTA","2","WANLI SA302 205/50R17 93W OFERTA","SJ11060736","bbbb6146-a4b5-41d0-a637-609f838461d6|405eaae2-c94c-4be5-95c2-1c60fed081af","Wanli SA302 OFERTA tire product photo","https://www.google.com/search?tbm=isch&q=Wanli%20SA302%20OFERTA%20tire%20product%20photo","https://www.bing.com/images/search?q=Wanli%20SA302%20OFERTA%20tire%20product%20photo","https://duckduckgo.com/?iax=images&ia=images&q=Wanli%20SA302%20OFERTA%20tire%20product%20photo","","",""
"wanli-sl106-175-70r14c","Wanli","SL106 175/70R14C","1","WANLI SL106 175/70R14C 95T","SJ12030470","36cf2469-3df6-41aa-a7de-abe9ee037657","Wanli SL106 175/70R14C tire product photo","https://www.google.com/search?tbm=isch&q=Wanli%20SL106%20175%2F70R14C%20tire%20product%20photo","https://www.bing.com/images/search?q=Wanli%20SL106%20175%2F70R14C%20tire%20product%20photo","https://duckduckgo.com/?iax=images&ia=images&q=Wanli%20SL106%20175%2F70R14C%20tire%20product%20photo","","",""
"wanli-sl106-195-70r15c","Wanli","SL106 195/70R15C","1","WANLI SL106 195/70R15C 104R","SJ12040692","4af8b4a0-6b6d-4b82-9991-09e7bbc48a52","Wanli SL106 195/70R15C tire product photo","https://www.google.com/search?tbm=isch&q=Wanli%20SL106%20195%2F70R15C%20tire%20product%20photo","https://www.bing.com/images/search?q=Wanli%20SL106%20195%2F70R15C%20tire%20product%20photo","https://duckduckgo.com/?iax=images&ia=images&q=Wanli%20SL106%20195%2F70R15C%20tire%20product%20photo","","",""
"wanli-sp026","Wanli","SP026","13","WANLI SP026 165/70R13 79T","SJ10020370","fa88147b-e0a2-49d9-a1f3-155987cc4604|695c6ff5-9432-4fc4-a083-b8d72eb6c1c2|116bc02a-8df6-41bc-a42a-70a61052365e|94bc9e53-ee3a-4a5b-98be-0143e30ede78|18ae1350-1e56-4d63-84ce-6ca3fb66f778|c99841c8-0206-4740-a8a5-bde39d2a30b2|68eb1003-ba55-4104-9d53-b295dff05aeb|a73218bd-792f-4b51-bd5a-62417d1d4664|60c999ef-c35d-4c10-984e-54782ae1b5a6|e6363a01-11a6-4155-b076-8e85c73afda2|105b35b3-62fc-4e7f-95f2-7757c3dda2c3|32258708-5a60-4b25-921f-2db4461a83da|f22ed56e-33c5-4173-ab11-ff9026ee62bc","Wanli SP026 tire product photo","https://www.google.com/search?tbm=isch&q=Wanli%20SP026%20tire%20product%20photo","https://www.bing.com/images/search?q=Wanli%20SP026%20tire%20product%20photo","https://duckduckgo.com/?iax=images&ia=images&q=Wanli%20SP026%20tire%20product%20photo","","",""
"wanli-sp026-oferta","Wanli","SP026 OFERTA","1","WANLI SP026 185/65R15 88H OFERTA","SJ10040562","93ca2139-1c59-44ef-bbf1-9116d88421e4","Wanli SP026 OFERTA tire product photo","https://www.google.com/search?tbm=isch&q=Wanli%20SP026%20OFERTA%20tire%20product%20photo","https://www.bing.com/images/search?q=Wanli%20SP026%20OFERTA%20tire%20product%20photo","https://duckduckgo.com/?iax=images&ia=images&q=Wanli%20SP026%20OFERTA%20tire%20product%20photo","","",""
"wanli-su006","Wanli","SU006","5","WANLI SU006 235/70R16 106S","SJ11251074","218146fb-e20f-4ab1-8f01-1bae9b409b85|997a4318-588c-4e25-9755-079139b76b0e|beccefa8-001c-44f0-ba8b-3ddad459fb28|fd927f32-3cc7-4c76-8246-32ac193e9d3d|bd3b26d7-b579-4f3c-8fc7-b11bc3f27c20","Wanli SU006 tire product photo","https://www.google.com/search?tbm=isch&q=Wanli%20SU006%20tire%20product%20photo","https://www.bing.com/images/search?q=Wanli%20SU006%20tire%20product%20photo","https://duckduckgo.com/?iax=images&ia=images&q=Wanli%20SU006%20tire%20product%20photo","","",""
"wanli-su006-31x10","Wanli","SU006 31X10","1","WANLI SU006 31X10.50R15 109Q","SJ11242685","874ddee8-fae9-48b5-a00b-5d5174dae866","Wanli SU006 31X10 tire product photo","https://www.google.com/search?tbm=isch&q=Wanli%20SU006%2031X10%20tire%20product%20photo","https://www.bing.com/images/search?q=Wanli%20SU006%2031X10%20tire%20product%20photo","https://duckduckgo.com/?iax=images&ia=images&q=Wanli%20SU006%2031X10%20tire%20product%20photo","","",""
"wanli-su025","Wanli","SU025","1","WANLI SU025 245/65R17 111T","SJ11161160","7bb1f914-5758-4a7a-94b6-2f3d105c47cd","Wanli SU025 tire product photo","https://www.google.com/search?tbm=isch&q=Wanli%20SU025%20tire%20product%20photo","https://www.bing.com/images/search?q=Wanli%20SU025%20tire%20product%20photo","https://duckduckgo.com/?iax=images&ia=images&q=Wanli%20SU025%20tire%20product%20photo","","",""
